{
    "APPLICATION": {
        "$MENU": "アプリケーション",
        "ABOUT_MAC": "Photoshop について...",
        "PREFERENCES": "環境設定...",
        "HIDE_APPLICATION": "Photoshop を隠す",
        "HIDE_OTHER_APPLICATIONS": "他を隠す",
        "SHOW_ALL": "すべてを表示",
        "QUIT_APPLICATION_MAC": "Photoshop を終了"
    },
    "FILE": {
        "$MENU": "ファイル",
        "NEW": "新規",
        "NEW_EXTENDED": "新規...",
        "NEW_FROM_TEMPLATE": {
            "$MENU": "テンプレートから新規作成",
            "IPHONE_6_PLUS": "iPhone 6+",
            "IPHONE_6": "iPhone 6",
            "IPHONE_5": "iPhone 5",
            "IPAD_12": "iPad Mini",
            "IPAD_34": "iPad Retina",
            "IPAD_PRO": "iPad Pro",
            "ANDROID_1080P": "Android 1080p",
            "MS_SURFACE_PRO": "Microsoft Surface Pro",
            "MS_SURFACE_PRO_3": "Microsoft Surface Pro 3",
            "APPLE_WATCH_38MM": "Apple Watch 38mm",
            "APPLE_WATCH_42MM": "Apple Watch 42mm",
            "WEB_1440_900": "Web (1440 x 900)",
            "WEB_1920_1080": "Web (1920 x 1080)"
        },
        "OPEN": "開く…",
        "OPEN_RECENT": {
            "$MENU": "最近使用したファイルを開く"
        },
        "CLOSE": "閉じる",
        "SAVE": "保存",
        "SAVE_AS": "別名で保存...",
        "EXPORT_UTILITY": "書き出し…",
        "REVERT": "復帰",
        "RENAME_DOCUMENT": "名前の変更...",
        "GENERATE_ASSETS": "アセットを生成...",
        "AUTO_GENERATE_IMAGE_ASSETS": "アセットを自動生成",
        "PLACE_EMBEDDED": "埋め込みを配置...",
        "PLACE_LINKED": "リンクを配置...",
        "PACKAGE": "パッケージ...",
        "PRINT": "プリント...",
        "QUIT_APPLICATION_WIN": "Photoshop を終了"
    },
    "EDIT": {
        "$MENU": "編集",
        "UNDO": "取り消し",
        "REDO": "やり直し",
        "CUT": "カット",
        "CUT_ATTRIBUTES": "属性 | スタイルをカット",
        "COPY": "コピー",
        "COPY_MERGED": "結合部分をコピー",
        "COPY_ATTRIBUTES": "属性 | スタイルをコピー",
        "COPY_CSS": "CSS 属性をコピー",
        "PASTE": "ペースト",
        "PASTE_ATTRIBUTES": "属性 | スタイルをペースト",
        "DELETE": "削除",
        "CLEAR_ATTRIBUTES": "属性を消去",
        "DUPLICATE": "選択範囲を複製",
        "DUPLICATE_WITH_OFFSET": "選択範囲の複製 (オフセットあり)",
        "SELECT_ALL": "すべてを選択",
        "DESELECT": "選択を解除",
        "INVERT_SELECTION": "選択範囲を反転",
        "COPY_LAYER_STYLE": "レイヤースタイルをコピー",
        "PASTE_LAYER_STYLE": "レイヤースタイルをペースト",
        "SEARCH": "検索"
    },
    "LAYER": {
        "$MENU": "レイヤー",
        "CONVERT_TO_SMART_OBJECT": "スマートオブジェクトに変換",
        "FIND_LAYER": "レイヤーを検索...",
        "RENAME_LAYER": "レイヤー名の変更...",
        "MERGE_LAYERS": "レイヤーを結合",
        "COMBINE": {
            "$MENU": "組み合わせ",
            "COMBINE_UNION": "結合",
            "COMBINE_SUBTRACT": "減算",
            "COMBINE_INTERSECT": "共通範囲",
            "COMBINE_DIFFERENCE": "差の絶対値"
        },
        "TRANSFORM": {
            "$MENU": "変形",
            "TRANSFORM_SCALE": "拡大・縮小",
            "TRANSFORM_ROTATE": "回転",
            "TRANSFORM_ROTATE_180": "180º回転",
            "TRANSFORM_ROTATE_LEFT": "左に回転",
            "TRANSFORM_ROTATE_RIGHT": "右に回転"
        },
        "CREATE_CLIPPING_MASK": "クリッピングマスクを作成",
        "CREATE_ARTBOARD": "新規アートボードを作成",
        "DUPLICATE": "選択範囲を複製",
        "NEW_ARTBOARD_FROM_TEMPLATE": {
            "$MENU": "新規アートボード",
            "IPHONE_6_PLUS": "iPhone 6+",
            "IPHONE_6": "iPhone 6",
            "IPHONE_5": "iPhone 5",
            "IPAD_12": "iPad Mini",
            "IPAD_34": "iPad Retina",
            "IPAD_PRO": "iPad Pro",
            "ANDROID_1080P": "Android 1080p",
            "MS_SURFACE_PRO": "Microsoft Surface Pro",
            "MS_SURFACE_PRO_3": "Microsoft Surface Pro 3",
            "APPLE_WATCH_38MM": "Apple Watch 38mm",
            "APPLE_WATCH_42MM": "Apple Watch 42mm",
            "WEB_1440_900": "Web (1440 x 900)",
            "WEB_1920_1080": "Web (1920 x 1080)"
        },
        "NEW_VECTOR_MASK_FROM_SHAPE": "レイヤーからベクトルマスクを作成"
    },
    "TYPE": {
        "$MENU": "書式",
        "ADD_FONTS_FROM_TYPEKIT": "Typekit からフォントを追加...",
        "BOLD": "太字",
        "ITALIC": "斜体",
        "UNDERLINE": "下線",
        "CHANGE_CASE": {
            "$MENU": "大文字と小文字の変更",
            "LOWERCASE": "小文字",
            "UPPERCASE": "大文字",
            "TITLECASE": "単語の先頭のみ大文字",
            "SENTENCECASE": "文頭のみ大文字"
        },
        "INCREASE_FONT_SIZE": "サイズを拡大",
        "DECREASE_FONT_SIZE": "サイズを縮小",
        "TEXT_SPACING_TIGHTEN": "カーニング | 文字間隔を縮小",
        "TEXT_SPACING_LOOSEN": "カーニング | 文字間隔を拡大",
        "LINEHEIGHT_INCREASE": "ラインの高さを上げる",
        "LINEHEIGHT_DECREASE": "下側のラインの高さ",
        "ALIGN_TEXT": {
            "$MENU": "テキストの整列",
            "ALIGN_TEXT_LEFT": "左端",
            "ALIGN_TEXT_CENTER": "中央",
            "ALIGN_TEXT_RIGHT": "右端",
            "ALIGN_TEXT_JUSTIFY": "均等配置"
        },
        "SWASH": "スワッシュ字形 |...",
        "OLD_STYLE": "オールドスタイル |...",
        "ORNAMENTS": "装飾 |...",
        "ORDINALS": "上付き序数表記 |...",
        "FRACTIONS": "分数 |...",
        "STANDARD_LIGATURES": "欧文合字 |...",
        "DISCRETIONARY_LIGATURES": "任意の合字 |...",
        "TITLING_ALTERNATES": "タイトル用合字 |...",
        "CONTEXTUAL_ALTERNATES": "文脈代替 |...",
        "STYLISTIC_ALTERNATES": "コネクションフォーム |...",
        "JUSTIFICATION_ALTERNATES": "異体字のジャスティフィケーション |...",
        "CONVERT_TEXT_TO_OUTLINES": "テキストのアウトラインへの変換"
    },
    "ARRANGE": {
        "$MENU": "アレンジ",
        "BRING_FORWARD": "前面へ",
        "BRING_FRONT": "最前面へ",
        "SEND_BACKWARD": "背面へ",
        "SEND_TO_BACK": "最背面へ",
        "LAYOUT_MAKE_GRID_OF_OBJECTS": "オブジェクトのグリッドを作成...",
        "LAYOUT_DIVIDE": "分割...",
        "LAYOUT_INSET": "割り込み...",
        "DISTRIBUTE": {
            "$MENU": "オブジェクトを分布",
            "DISTRIBUTE_HORIZONTAL": "水平方向",
            "DISTRIBUTE_VERTICAL": "垂直方向",
            "DISTRIBUTE_EVENLY": "均等"
        },
        "ALIGN": {
            "$MENU": "オブジェクトを整列",
            "ALIGN_LEFT": "左端",
            "ALIGN_CENTER": "中央",
            "ALIGN_RIGHT": "右端",
            "ALIGN_TOP": "上端",
            "ALIGN_MIDDLE": "中央",
            "ALIGN_BOTTOM": "下端"
        },
        "FLIP_HORIZONTAL": "水平方向に反転",
        "FLIP_VERTICAL": "垂直方向に反転",
        "SWAP_POSITION": "位置を入れ替え",
        "LOCK_LAYER": "ロック",
        "UNLOCK_LAYER": "ロック解除",
        "SHOW_LAYER": "表示",
        "HIDE_LAYER": "隠す",
        "GROUP_LAYERS": "グループ",
        "UNGROUP_LAYERS": "グループ解除",
        "BRING_TO_FRONT": "最前面へ"
    },
    "VIEW": {
        "$MENU": "表示",
        "ZOOM_IN": "ズームイン",
        "ZOOM_OUT": "ズームアウト",
        "FIT_TO_WINDOW": "ウィンドウに合わせる",
        "ACTUAL_SIZE": "実サイズ",
        "ZOOM_TO_SELECTION": "選択範囲をズーム",
        "CENTER_SELECTION": "選択範囲を中央揃え",
        "FULLSCREEN_MENUBAR": "メニュー付きフルスクリーン",
        "FULLSCREEN": "フルスクリーン",
        "PRESENTATION": "スライドショー",
        "TOGGLE_EXTRAS": "エクストラを表示 | 非表示",
        "TOGGLE_RULERS": "ルーラーを表示 | 非表示",
        "TOGGLE_SMART_GUIDES": "スマートガイドを表示",
        "TOGGLE_GUIDES": "ガイドを表示",
        "CLEAR_GUIDES": "ガイドを消去"
    },
    "WINDOW": {
        "$MENU": "ウィンドウ",
        "MINIMIZE": "最小化",
        "BRING_ALL_TO_FRONT": "すべてを前面へ",
        "NEXT_DOCUMENT": "次のドキュメントへ進む",
        "TOGGLE_TOOLBAR": "ツールバーを固定",
        "TOGGLE_SINGLE_COLUMN_MODE": "一列表示モード",
        "COLOR_THEME": {
            "$MENU": "カラーテーマ",
            "ORIGINAL": "元画像",
            "LIGHT": "明るさ",
            "MEDIUM": "中",
            "DARK": "暗"
        },
        "PREVIOUS_DOCUMENT": "前のドキュメントへ戻る",
        "RETURN_TO_STANDARD": "標準の Photoshop に戻る",
        "OPEN_DOCUMENT": "ドキュメントを開く",
        "OPEN_DOCUMENT_ONE": "ドキュメントの名前 1",
        "OPEN_DOCUMENT_TWO": "ドキュメントの名前 2",
        "OPEN_DOCUMENT_THREE": "...など..."
    },
    "DEBUG": {
        "$MENU": "デバッグ",
        "RUN_TESTS": "テストを実行...",
        "ACTION_FAILURE": "テストアクションエラー...",
        "TRANSFER_FAILURE": "テスト転送エラー…",
        "RESET_FAILURE": "テストリセットエラー...",
        "CORRUPT_MODEL": "テストモデル破損...",
        "LAYER_PANEL_PERFORMANCE_TEST": "レイヤーパネルのパフォーマンスをテスト",
        "UPDATE_CURRENT_DOCUMENT": "現在のドキュメントの更新",
        "RESET_RECESS": "デザインスペースをリセット",
        "LOAD_DEBUGGING_HELPERS": "デバッグヘルパーを読み込む",
        "TOGGLE_POLICY_FRAMES": "ポリシーのフレームを表示",
        "TOGGLE_POSTCONDITIONS": "事後条件を確認",
        "TOGGLE_ACTION_LOGGING": "ログアクション",
        "TOGGLE_ACTION_TRANSFER_LOGGING": "ログアクションの転送",
        "TOGGLE_DESCRIPTOR_LOGGING": "イベント指定子を記録",
        "TOGGLE_HEADLIGHTS_LOGGING": "ヘッドライトイベントを記録"
    },
    "HELP": {
        "$MENU": "ヘルプ",
        "ABOUT_WIN": "Photoshop について...",
        "OPEN_FIRST_LAUNCH": "デザインスペースの概要",
        "SHORTCUTS": "キーボードショートカット",
        "TWITTER": "Twitter でデザインスペースをチェック",
        "HELPX": "デザインスペースのヘルプ",
        "FORUM": "デザインスペースフォーラム"
    }
}
