{
    "ACTIONS": {
        "ADD_STROKE": "ストロークを追加",
        "ADD_FILL": "塗りつぶしを追加",
        "ADD_VECTOR_MASK": "ベクトルマスクを追加",
        "APPLY_LIBRARY_COLOR": "ライブラリカラーを適用",
        "CREATE_ARTBOARD": "アートボードを作成",
        "SET_STROKE_COLOR": "境界線のカラーを設定",
        "SET_STROKE": "ストロークを設定",
        "SET_STROKE_OPACITY": "ストロークの不透明度を設定",
        "SET_STROKE_WIDTH": "ストロークの幅を設定",
        "SET_STROKE_ALIGNMENT": "ストロークの整列を設定",
        "SET_FILL_COLOR": "塗りのカラーを設定",
        "SET_FILL_OPACITY": "塗りつぶしの不透明度を設定",
        "DELETE_LAYERS": "レイヤーを削除",
        "DELETE_VECTOR_MASK": "ベクトルマスクを削除",
        "CHANGE_LAYER_OPACITY": "レイヤーの不透明度を変更",
        "SET_BLEND_MODE": "描画モードを設定",
        "FLIP_LAYERS": "レイヤーを反転",
        "ALIGN_LAYERS": "レイヤーを整列",
        "DISTRIBUTE_LAYERS": "レイヤーを均等配置",
        "SET_RADIUS": "半径を設定",
        "ROTATE_LAYERS": "レイヤーを回転",
        "DUPLICATE_LAYERS": "レイヤーを複製",
        "LOCK_LAYER": "レイヤーをロック",
        "UNLOCK_LAYER": "レイヤーのロック解除",
        "SET_LAYER_EFFECTS": "レイヤー効果を設定",
        "SET_LAYER_POSITION": "位置を設定",
        "SET_LAYER_SIZE": "サイズを設定",
        "NUDGE_LAYERS": "レイヤーを移動",
        "SWAP_LAYERS": "レイヤーを切り替える",
        "COMBINE_SHAPES": "シェイプを結合",
        "PASTE_LAYER_STYLE": "レイヤースタイルをペースト",
        "RENAME_LAYER": "レイヤー名の変更",
        "SAMPLE_GRAPHICS": "サンプルグラフィック",
        "SAMPLE_COLOR": "サンプルカラー",
        "SAMPLE_STROKE": "サンプル線",
        "SET_PROPORTIONAL_SCALE": "プロポーショナルスケーリングを設定",
        "SET_TYPE_FACE": "字体を設定",
        "SET_TYPE_COLOR": "文字のカラーを設定",
        "SET_TYPE_SIZE": "文字サイズを設定",
        "SET_TYPE_LEADING": "文字の行送りを設定",
        "SET_TYPE_TRACKING": "文字トラッキングを設定",
        "SET_TYPE_ALIGNMENT": "文字の整列を設定",
        "GROUP_LAYERS": "レイヤーをグループ化",
        "UNGROUP_LAYERS": "レイヤーのグループ解除",
        "REORDER_LAYERS": "レイヤーを再配列",
        "MODIFY_EXPORT_ASSETS": "更新された書き出しアセット設定",
        "APPLY_TEXT_STYLE": "テキストスタイルを適用",
        "APPLY_LAYER_STYLE": "レイヤースタイルを適用",
        "CREATE_LAYER_FROM_ELEMENT": "グラフィックアセットからレイヤーを作成",
        "NEW_VECTOR_MASK_FROM_SHAPE": "シェイプレイヤーからベクトルマスクを作成"
    },
    "APP_NAME": "Photoshop",
    "GO_URL": {
        "EXPERIENCE_DESIGN": "http://www.adobe.com/go/experience-design_jp",
        "DESIGNSPACE_HELP": "http://www.adobe.com/go/designspace-help_jp"
    },
    "FIRST_LAUNCH": {
        "CONTINUE": "続行",
        "GET_STARTED": "開始",
        "SLIDES": {
            "0": {
                "TITLE": "ランディング",
                "HEADLINE": "デザインスペースへようこそ",
                "SUBHEAD": "",
                "BODY_FIRST": "デザインスペース（プレビュー）は、Webやアプリケーションデザイナー向けの Photoshop の関連機能です。",
                "BODY_SECOND": "HTML および JavaScript を駆使して、ワークフローに合わせた新しいインタラクションを実現しました。これはフィードバックをいただくためのプレビューリリースです。ご意見をお待ちしています。"
            },
            "1": {
                "TITLE": "ツールセット",
                "HEADLINE": "最小化されたツールセットと状況に即した属性パネル。"
            },
            "2": {
                "TITLE": "検索",
                "HEADLINE_FIRST": "レイヤーを検索する、ドキュメントを開く、ライブラリアセットを配置するなどのことができます。",
                "HEADLINE_SECOND": "Mac の場合は Command+F、Windows の場合は Control+F を使用します。"
            },
            "3": {
                "TITLE": "サンプラー",
                "HEADLINE_FIRST": "クリックまたは Shift キーを押しながらクリックするだけで、カラーと効果をサンプリングできます。",
                "HEADLINE_SECOND": "スペースパーで、他のすべて、グラフィックさえもサンプリングできます。"
            },
            "4": {
                "TITLE": "アートボード",
                "HEADLINE": "複数のアートボードを作成して、ワークフローをより見やすくします。"
            },
            "5": {
                "TITLE": "入れ替え",
                "HEADLINE": "１回のクリックで、レイヤーとアートボードの内容および位置を入れ替える。"
            },
            "6": {
                "TITLE": "切り替え",
                "HEADLINE": "高度な写真機能を使用する場合は、標準の Photoshop にシームレスな切り替えが可能です。"
            },
            "7": {
                "TITLE": "連絡先",
                "HEADLINE": "デザインスペース",
                "BODY_FIRST": "Twitter",
                "BODY_SECOND": "GitHub",
                "BODY_THIRD": "フォーラム",
                "BODY_ADVERTISEMENT_1": "ベータ版の使用についてご検討中でしょうか。Photoshop との大幅な連携など UX デザイナー向けの新しいエンドツーエンドのソリューションの構築に積極的に取り組んできました。ついに、パブリックベータ版の {ADOBE_XD} を公開できることをうれしく思っています。",
                "BODY_ADVERTISEMENT_2": "ビルドをダウンロードしてお試しください。",
                "ADOBE_XD": "Adobe Experience Design CC"
            }
        }
    },
    "KEYBOARD_SHORTCUTS": {
        "TOOLS_TITLE": "ツール",
        "MORE_TITLE": "詳細",
        "SELECT_TITLE": "選択ツール",
        "TOOLS": {
            "SELECT": "選択",
            "RECTANGLE": "長方形ツール",
            "ELLIPSE": "楕円形",
            "PEN": "ペン",
            "TYPE": "書式",
            "SAMPLER": "サンプラー",
            "SAMPLER_EFFECTS": "サンプル効果",
            "SAMPLER_INSTRUCTION_EFFECTS": "Shift キーを押しながらクリック",
            "SAMPLER_HUD": "サンプルオプション HUD",
            "SAMPLER_INSTRUCTION_HUD": "スペースバー",
            "SEARCH": "検索",
            "SEARCH_INSTRUCTION_MAC": "Cmd+F",
            "SEARCH_INSTRUCTION_WIN": "Ctrl+F",
            "EXPORT": "書き出し",
            "EXPORT_INSTRUCTION_MAC": "Cmd+E",
            "EXPORT_INSTRUCTION_WIN": "Ctrl+E",
            "MASKMODE": "マスクモード"
        },
        "SELECT_TOOL": {
            "TARGET": "ネスト化グループ / レイヤーを対象",
            "TARGET_INSTRUCTION": "カンバスをダブルクリック",
            "EDIT_PATH": "パス / テキストを編集",
            "EDIT_PATH_INSTRUCTION": "ベクトルオブジェクト / 文字をダブルクリック",
            "EDIT_SMART": "設定アプリで編集 / 開く",
            "EDIT_SMART_INSTRUCTION": "スマートオブジェクトをダブルクリック",
            "BACK_OUT": "階層から戻る",
            "BACK_OUT_INSTRUCTION": "Esc",
            "HOLD_SELECTION": "各レイヤーの最上位の選択を保持",
            "HOLD_SEL_MAC": "Opt+Esc",
            "HOLD_SEL_WIN": "Shift+Esc",
            "TARGET_LAYER": "特定のレイヤーを対象に設定",
            "TARGET_LAYER_MAC": "Cmd キーを押しながらクリック",
            "TARGET_LAYER_WIN": "Ctrl キーを押しながらクリック"
        }
    },
    "TITLE_PAGES": "レイヤー",
    "TITLE_STYLE": "スタイル",
    "TITLE_EFFECTS": "効果",
    "TITLE_APPEARANCE": "アピアランス",
    "TITLE_EXPORT": "書き出し",
    "TITLE_LIBRARIES": "ライブラリ",
    "NO_DOC": {
        "RECENT_FILES_TITLE": "最近使用したファイル",
        "ARTBOARD_PRESETS_TITLE": "テンプレート"
    },
    "TITLE_TRANSFORM": "変形",
    "TOOLS": {
        "NAMES": {
            "DIRECT_SELECTION_TOOL": "パス選択ツール",
            "VECTOR_MASK_MODE": "ベクトルマスクモード",
            "ELLIPSE": "楕円形ツール",
            "PEN": "ペンツール",
            "SUPER_SELECT_TYPE": "グループ選択タイプ",
            "RECTANGLE": "長方形ツール",
            "EYEDROPPER": "サンプラーツール",
            "SELECT": "選択ツール",
            "TYPE": "文字ツール"
        }
    },
    "TOOLTIPS": {
        "SELECT_NEXT_DOCUMENT": "次のドキュメントを選択",
        "SELECT_PREVIOUS_DOCUMENT": "前のドキュメントを選択",
        "UNSUPPORTED_FEATURES": "ドキュメントは、サポートされていない機能が含まれているので読み取り専用です",
        "DISTRIBUTE_HORIZONTALLY": "水平方向中央に分布",
        "DISTRIBUTE_VERTICALLY": "垂直方向中央に分布",
        "ALIGN_LEFT": "左端揃え",
        "ALIGN_CENTER": "水平方向中央揃え",
        "ALIGN_RIGHT": "右端揃え",
        "ALIGN_TOP": "上端揃え",
        "ALIGN_MIDDLE": "垂直方向中央揃え ",
        "ALIGN_BOTTOM": "下端揃え",
        "SET_X_POSITION": "X 位置を設定",
        "SET_Y_POSITION": "Y 位置を設定",
        "SET_WIDTH": "幅を設定",
        "LOCK_PROPORTIONAL_TRANSFORM": "幅と高さの比をロック",
        "SET_HEIGHT": "高さを設定",
        "SET_ROTATION": "回転を設定",
        "FLIP_HORIZONTAL": "水平方向に反転",
        "FLIP_VERTICAL": "垂直方向に反転",
        "SWAP_POSITION": "位置を入れ替え",
        "SET_RADIUS": "境界線の半径を設定",
        "SET_RADIUS_SLIDER": "スライダーを調整して半径を設定",
        "SET_OPACITY": "不透明度を設定",
        "VECTOR_SETTINGS": "ベクトル設定を表示",
        "SET_COMBINATION": "シェイプの組み合わせを設定",
        "UNITE_SHAPE": "シェイプを統合",
        "SUBTRACT_SHAPE": "シェイプを削除",
        "INTERSECT_SHAPE": "シェイプを交差",
        "DIFFERENCE_SHAPE": "差分シェイプ",
        "SHOW_LOREM_IPSUM": "Lorem Ipsum を表示",
        "SHOW_GLYPHS": "字形を表示",
        "TYPE_SETTINGS": "文字設定を表示",
        "SET_TYPEFACE": "字体を設定",
        "SET_WEIGHT": "線幅を設定",
        "SET_TYPE_COLOR": "テキストカラーを設定",
        "SET_TYPE_SIZE": "テキストサイズを設定",
        "SET_LETTER_SPACING": "文字間隔を設定",
        "SET_LINE_SPACING": "行間隔を設定",
        "SET_TYPE_ALIGNMENT": "文字の整列を設定",
        "ALIGN_TYPE_LEFT": "テキストを左揃え",
        "ALIGN_TYPE_CENTER": "テキストを中央揃え",
        "ALIGN_TYPE_RIGHT": "テキストを右揃え",
        "ALIGN_TYPE_JUSTIFIED": "テキストを均等配置",
        "SET_STROKE_COLOR": "境界線のカラーを設定",
        "SET_STROKE_OPACITY": "ストロークの不透明度を設定",
        "SET_STROKE_SIZE": "境界線のサイズを設定",
        "SET_STROKE_ALIGNMENT": "ストロークの整列を設定",
        "TOGGLE_STROKE": "境界線を切り替える",
        "SET_FILL_COLOR": "塗りのカラーを設定",
        "SET_TYPE_FILL_COLOR": "カラーを設定",
        "SET_FILL_OPACITY": "塗りつぶしの不透明度を設定",
        "SET_FILL_BLENDING": "塗りつぶしの描画を設定",
        "TOGGLE_FILL": "塗りを切り替える",
        "SET_LAYER_VISIBILITY": "レイヤーの表示を設定",
        "LOCK_LAYER": "レイヤーをロック",
        "LAYER_COUNT": "選択されているレイヤーの数 / レイヤーの総数",
        "ADD_EFFECT": "レイヤー効果を追加",
        "TOGGLE_DROP_SHADOW": "ドロップシャドウを切り替える",
        "DELETE_DROP_SHADOW": "ドロップシャドウを削除",
        "DELETE_LAYER_EFFECT": "削除 %s",
        "TOGGLE_LAYER_EFFECT": "%sを切り替え",
        "SET_DROP_SHADOW_COLOR": "ドロップシャドウのカラーを設定",
        "SET_DROP_SHADOW_PROPS": "ドロップシャドウの寸法を設定",
        "SET_DROP_SHADOW_X_POSITION": "ドロップシャドウの X 位置を設定",
        "SET_DROP_SHADOW_Y_POSITION": "ドロップシャドウの Y 位置を設定",
        "SET_DROP_SHADOW_BLUR": "ドロップシャドウのぼかしを設定",
        "SET_DROP_SHADOW_SPREAD": "ドロップシャドウのスプレッドを設定",
        "SET_COLOR_PICKER_FORMAT": "カラーピッカーの形式を設定",
        "SET_COLOR_PICKER_MODE": "カラーピッカーモードを設定",
        "SET_COLOR_OVERLAY_COLOR": "カラーオーバーレイのカラーを設定",
        "TOGGLE_COLOR_OVERLAY": "カラーオーバーレイを切り替える",
        "DELETE_COLOR_OVERLAY": "カラーオーバーレイを削除",
        "SET_STROKE_EFFECT_COLOR": "境界線のカラーを設定",
        "SET_STROKE_EFFECT_SIZE": "境界線のサイズを設定",
        "TOGGLE_STROKE_EFFECT": "境界線を切り替える",
        "DELETE_STROKE_EFFECT": "線を削除",
        "TOGGLE_INNER_SHADOW": "シャドウ (内側) を切り替える",
        "DELETE_INNER_SHADOW": "シャドウ (内側) を削除",
        "SET_INNER_SHADOW_COLOR": "シャドウ (内側) のカラーを設定",
        "SET_INNER_SHADOW_PROPS": "シャドウ (内側) の寸法を設定",
        "SET_INNER_SHADOW_X_POSITION": "シャドウ (内側) の X 位置を設定",
        "SET_INNER_SHADOW_Y_POSITION": "シャドウ (内側) の Y 位置を設定",
        "SET_INNER_SHADOW_BLUR": "シャドウ (内側) のぼかしを設定",
        "SET_INNER_SHADOW_SPREAD": "シャドウ (内側) のスプレッドを設定",
        "SECTION_COLLAPSE": " : ダブルクリックして折りたたむ",
        "SECTION_EXPAND": " : ダブルクリックして展開",
        "PANEL_COLUMN_COLLAPSE": " : クリックして折りたたむ",
        "PANEL_COLUMN_EXPAND": " : クリックして展開",
        "LAYERS_LIBRARIES": "レイヤーとライブラリ",
        "PROPERTIES": "属性",
        "GRID_MODE": "アイコンとして項目を表示",
        "LIST_MODE": "リストに項目を表示",
        "ADD_GRAPHIC": "グラフィックを追加",
        "ADD_CHARACTER_STYLE": "文字スタイルを追加",
        "ADD_LAYER_STYLE": "レイヤースタイルを追加",
        "ADD_FILL_COLOR": "塗りのカラーを追加",
        "ADD_STROKE_COLOR": "境界線のカラーを追加",
        "ADD_TEXT_COLOR": "テキストカラーを追加",
        "SEARCH_ADOBE_STOCK": "Adobe Stock を検索",
        "SYNC_LIBRARIES": "ライブラリを同期",
        "LIBRARY_SHARE": "共有",
        "LIBRARY_SEND_LINK": "リンクを送信",
        "LIBRARY_VIEW_ON_WEBSITE": "Web サイトに表示",
        "LIBRARY_CLICK_TO_APPLY": "クリックして適用",
        "LIBRARY_DELETE": "削除",
        "LIBRARY_EDITABLE_GRAPHIC": "ダブルクリックして編集",
        "LIBRARY_NONEDITABLE_GRAPHIC": "このアプリケーションで編集できません",
        "LIBRARY_EMPTY_GRAPHIC": "グラフィックは内容がありません",
        "EXPORT_EXPORT_ASSETS": "これらのアセットを書き出し",
        "EXPORT_ADD_ASSET": "書き出しアセットを追加",
        "EXPORT_REMOVE_ASSET": "アセット設定を削除",
        "EXPORT_IOS_PRESETS": "3 個の iOS アセット + SVG を追加",
        "EXPORT_HDPI_PRESETS": "6 個の HDPI アセット + SVG を追加",
        "EXPORT_DIALOG": "書き出し",
        "REFERENCE_POINT_TOOL": "基準点を設定",
        "VECTOR_MASK_MODE": "マスクモード",
        "SEARCH": "検索",
        "TOOLS": {
            "superselectVector": "A - ベクトルツールを選択",
            "newSelect": "V - 選択ツール",
            "rectangle": "R - 長方形ツール",
            "ellipse": "E - 楕円形ツール",
            "pen": "P - ペンツール",
            "typeCreateOrEdit": "T - 文字ツール",
            "sampler": "I - サンプラーツール"
        }
    },
    "LAYER_KIND": {
        "ANY": "すべてのレイヤー",
        "PIXEL": "ピクセルレイヤー",
        "ADJUSTMENT": "調整レイヤー",
        "TEXT": "テキストレイヤー",
        "VECTOR": "ベクトルレイヤー",
        "SMARTOBJECT": "スマートオブジェクトレイヤー",
        "VIDEO": "ビデオレイヤー",
        "GROUP": "グループレイヤー",
        "3D": "3D レイヤー",
        "GRADIENT": "グラデーションレイヤー",
        "PATTERN": "パターンレイヤー",
        "SOLIDCOLOR": "べた塗りのカラーのレイヤー",
        "BACKGROUND": "背景レイヤー",
        "GROUPEND": "グループ終了レイヤー",
        "ARTBOARD": "アートボード"
    },
    "LAYER_KIND_ALERTS": {
        "LINK_MISSING": "リンクされた不足しているオブジェクト",
        "LINK_CHANGED": "リンクされたオブジェクトの更新"
    },
    "COLOR_PICKER": {
        "FORMAT": "形式",
        "RGB_MODEL": {
            "R": "R",
            "G": "G",
            "B": "B"
        },
        "HSB_MODEL": {
            "H": "H",
            "S": "S",
            "B": "B"
        },
        "MODE": {
            "SOLID": "べた塗り",
            "GRADIENT": "グラデーション",
            "PATTERN": "パターン"
        },
        "OPACITY": "A"
    },
    "TRANSFORM": {
        "X": "X",
        "Y": "Y",
        "W": "W",
        "H": "H",
        "RADIUS": "半径",
        "ROTATE": "回転",
        "MIXED": "混在"
    },
    "STYLE": {
        "BLEND": {
            "NORMAL": "標準",
            "DISSOLVE": "ディザ合成",
            "DARKEN": "比較 (暗)",
            "LIGHTEN": "比較 (明)",
            "SCREEN": "スクリーン",
            "OVERLAY": "オーバーレイ",
            "MULTIPLY": "乗算",
            "COLORBURN": "焼き込みカラー",
            "LINEARBURN": "焼き込み (リニア)",
            "DARKERCOLOR": "カラー比較 (暗)",
            "PASSTHROUGH": "通過",
            "COLORDODGE": "覆い焼きカラー",
            "LINEARDODGE": "覆い焼き (リニア)",
            "LIGHTERCOLOR": "カラー比較 (明)",
            "SOFTLIGHT": "ソフトライト",
            "HARDLIGHT": "ハードライト",
            "VIVIDLIGHT": "ビビッドライト",
            "LINEARLIGHT": "リニアライト",
            "PINLIGHT": "ピンライト",
            "HARDMIX": "ハードミックス",
            "DIFFERENCE": "差の絶対値",
            "EXCLUSION": "除外",
            "SUBTRACT": "減算",
            "DIVIDE": "分割",
            "HUE": "色相",
            "SATURATION": "彩度",
            "COLOR": "カラー",
            "LUMINOSITY": "輝度"
        },
        "OPACITY": "不透明度",
        "FILL": {
            "TITLE": "塗りつぶし",
            "ALPHA": "アルファチャンネル",
            "BLENDING": "合成"
        },
        "STROKE": {
            "TITLE": "ストローク",
            "ALPHA": "アルファチャンネル",
            "SIZE": "サイズ",
            "ALIGNMENT": "整列",
            "ALIGNMENT_MODES": {
                "INSIDE": "内側",
                "CENTER": "中央",
                "OUTSIDE": "外側"
            }
        },
        "DROP_SHADOW": {
            "TITLE": "ドロップシャドウ",
            "ADD": "ドロップシャドウを追加",
            "TITLE_SINGLE": "ドロップシャドウ",
            "X_POSITION": "X",
            "Y_POSITION": "Y",
            "BLUR": "ぼかし",
            "SPREAD": "スプレッド",
            "MIXED": "混在アピアランス"
        },
        "INNER_SHADOW": {
            "TITLE": "シャドウ (内側)",
            "ADD": "シャドウ (内側) を追加",
            "TITLE_SINGLE": "シャドウ (内側)",
            "X_POSITION": "X",
            "Y_POSITION": "Y",
            "BLUR": "ぼかし",
            "SPREAD": "スプレッド",
            "MIXED": "混在アピアランス"
        },
        "COLOR_OVERLAY": {
            "TITLE": "カラーオーバーレイ",
            "TITLE_SINGLE": "カラーオーバーレイ",
            "MIXED": "混在アピアランス"
        },
        "STROKE_EFFECT": {
            "TITLE": "境界線",
            "TITLE_SINGLE": "ストローク",
            "SIZE": "サイズ",
            "MIXED": "混在アピアランス"
        },
        "UNSUPPORTED_EFFECTS": {
            "TITLE": "サポート対象外",
            "NAMES": {
                "BEVEL_EMBOSS": "ベベルとエンボス",
                "SATIN": "サテン",
                "INNER_GLOW": "光彩 (内側)",
                "OUTER_GLOW": "光彩 (外側)",
                "PATTERN_OVERLAY": "パターンオーバーレイ",
                "GRADIENT_OVERLAY": "グラデーションオーバーレイ"
            },
            "MIXED": "混在アピアランス"
        },
        "TYPE": {
            "TITLE": "書式",
            "TYPEFACE": "字体",
            "WEIGHT": "線の太さ",
            "SIZE": "サイズ",
            "LETTER": "レター",
            "LINE": "線",
            "ALIGN": "整列",
            "AUTO_LEADING": "自動",
            "MISSING": "[見つからないフォント]",
            "MIXED": "合成フォント",
            "MIXED_STYLE": "合成フォントのスタイル"
        },
        "VECTOR": {
            "TITLE": "ベクトル",
            "COMBINE": "組み合わせ"
        },
        "COPY": "スタイルをコピー",
        "PASTE": "スタイルをペースト"
    },
    "EXPORT": {
        "EXPORT_LIST_ALL_ARTBOARDS": "すべてのアートボード",
        "EXPORT_LIST_ALL_ASSETS": "すべてのアセット",
        "BUTTON_EXPORT": "書き出し",
        "BUTTON_CANCEL": "キャンセル",
        "TITLE_SCALE": "拡大・縮小",
        "TITLE_SUFFIX": "接尾辞",
        "TITLE_SETTINGS": "設定",
        "EXPORT_DOCUMENT_FILENAME": "ドキュメント",
        "ONLY_UNSUPPORTED_LAYERS_SELECTED": "サポートされているレイヤーが選択されていません",
        "EXPORT_MIXED": "選択は合成されて書き出されました",
        "NO_ASSETS": "書き出しが設定されていません",
        "USE_PREFIX": "接頭辞を使用"
    },
    "TEMPLATES": {
        "IPHONE_6_PLUS": "iPhone 6+",
        "IPHONE_6": "iPhone 6",
        "IPHONE_5": "iPhone 5",
        "IPAD_12": "iPad Mini",
        "IPAD_34": "iPad Retina",
        "IPAD_PRO": "iPad Pro",
        "ANDROID_1080P": "Android 1080p",
        "MS_SURFACE_PRO_3": "Microsoft Surface Pro 3",
        "APPLE_WATCH_38MM": "Apple Watch 38mm",
        "APPLE_WATCH_42MM": "Apple Watch 42mm",
        "WEB_1440_900": "Web",
        "WEB_1920_1080": "Web"
    },
    "SEARCH": {
        "PLACEHOLDER": "検索、開く、選択",
        "PLACEHOLDER_INITIALIZING": "初期化しています…",
        "PLACEHOLDER_FILTER": "検索 ",
        "NO_OPTIONS_STOCK": "Adobe Stock を検索…",
        "NO_OPTIONS": "検索条件に一致するものがありません",
        "UNTITLED": "名称未設定",
        "HEADERS": {
            "ALL_LAYER": "レイヤー",
            "CURRENT_LAYER": "レイヤー",
            "CURRENT_DOC": "開いているドキュメント",
            "RECENT_DOC": "最近使用したドキュメント",
            "MENU_COMMAND": "メニューコマンド",
            "LIBRARY": "すべてのライブラリ",
            "FILTER": "検索範囲を限定…",
            "GLOBAL_SHORTCUT": "グローバルショートカット"
        },
        "CATEGORIES": {
            "ADOBE_STOCK": "Adobe Stock",
            "CURRENT_DOC": "開いているドキュメント",
            "RECENT_DOC": "最近使用したドキュメント",
            "MENU_COMMAND": "メニューコマンド",
            "ALL_LAYER": "レイヤー",
            "CURRENT_LAYER": "レイヤー",
            "ARTBOARD": "アートボード",
            "PIXEL": "ピクセルレイヤー",
            "ADJUSTMENT": "調整レイヤー",
            "TEXT": "テキストレイヤー",
            "VECTOR": "ベクトルレイヤー",
            "SMARTOBJECT": "スマートオブジェクト",
            "GROUP": "レイヤーをグループ化",
            "LIBRARY": "すべてのライブラリ",
            "GRAPHIC": "グラフィック",
            "LAYERSTYLE": "レイヤースタイル",
            "CHARACTERSTYLE": "文字スタイル",
            "GLOBAL_SHORTCUT": "グローバルショートカット"
        },
        "MODIFIERS": {
            "COMMAND": "Cmd",
            "SHIFT": "Shift",
            "ALT": "Alt",
            "CONTROL": "Ctrl"
        }
    },
    "KEYCODE": {
        "8": "Backspace",
        "9": "Tab",
        "13": "Enter",
        "27": "Esc",
        "33": "Page Up",
        "34": "Page Down",
        "35": "End",
        "36": "ホーム",
        "37": "左向き矢印",
        "38": "上向き矢印",
        "39": "右向き矢印",
        "40": "下向き矢印",
        "45": "Insert",
        "46": "削除",
        "91": "Windows",
        "92": "Windows",
        "93": "ウィンドウメニュー",
        "112": "F1",
        "113": "F2",
        "114": "F3",
        "115": "F4",
        "116": "F5",
        "117": "F6",
        "118": "F7",
        "119": "F8",
        "120": "F9",
        "121": "F10",
        "122": "F11",
        "123": "F12"
    },
    "LIBRARIES": {
        "CREATE_LIBRARY": "新規ライブラリを作成",
        "RENAME_LIBRARY": "ライブラリ名を変更",
        "DELETE_LIBRARY": "ライブラリを削除",
        "DELETE_LIBRARY_CONFIRM": "「%s」を削除しますか？",
        "DELETE_SHARED_LIBRARY_CONFIRM": "このライブラリは削除すると、共同作業者がアクセスできなくなります。「%s」を削除しますか？",
        "LEAVE_LIBRARY": "ライブラリを終了",
        "LEAVE_LIBRARY_CONFIRM": "「%s」を終了しますか？",
        "DELETE_ASSET": "アセットを削除",
        "DELETE_ASSET_CONFIRM": "「%s」を削除しますか？",
        "GRAPHICS": "グラフィック",
        "COLORS": "カラー",
        "COLOR_THEMES": "カラーテーマ",
        "CHAR_STYLES": "文字スタイル",
        "LAYER_STYLES": "レイヤースタイル",
        "BRUSHES": "ブラシ",
        "BRUSHES_UNSUPPORTED": "Design Space では、ブラシはサポートされていません。",
        "BTN_CANCEL": "キャンセル",
        "BTN_CREATE": "作成",
        "BTN_RENAME": "名前を変更",
        "BTN_DELETE": "削除",
        "BTN_LEAVE": "終了",
        "CLICK_TO_APPLY": "クリックして適用",
        "LIBRARY_NAME": "ライブラリ名",
        "INTRO_TITLE": "あなたのコンテンツ。どこでも。",
        "INTRO_BODY": "デスクトップとモバイルの間でアセットの整理、アクセス、共有を行うには、ライブラリを使用します。",
        "INTRO_LINK_TITLE": "ライブラリの使用方法を表示",
        "INTRO_URL": "https://helpx.adobe.com/jp/creative-cloud/help/libraries.html",
        "NO_CONNECTION": "Creative Cloud Libraries を使用するには、Creative Cloud にサインインしてください。",
        "LEADING": "行送り : %s",
        "LEADING_AUTO": "自動",
        "TRACKING": "トラッキング : %s"
    },
    "ERR": {
        "UNRECOVERABLE": "Design Space で回復できないエラーが発生しました。"
    }
}
