{
    "ACTIONS": {
        "ADD_STROKE": "Add Stroke",
        "ADD_FILL": "Add Fill",
        "ADD_VECTOR_MASK": "Add Vector Mask",
        "APPLY_LIBRARY_COLOR": "Apply Library Color",
        "CREATE_ARTBOARD": "Create Artboard",
        "SET_STROKE_COLOR": "Set Stroke Color",
        "SET_STROKE": "Set Stroke",
        "SET_STROKE_OPACITY": "Set Stroke Opacity",
        "SET_STROKE_WIDTH": "Set Stroke Width",
        "SET_STROKE_ALIGNMENT": "Set Stroke Alignment",
        "SET_FILL_COLOR": "Set Fill Color",
        "SET_FILL_OPACITY": "Set Fill Opacity",
        "DELETE_LAYERS": "Delete Layers",
        "DELETE_VECTOR_MASK": "Delete Vector Mask",
        "CHANGE_LAYER_OPACITY": "Change Layer Opacity",
        "SET_BLEND_MODE": "Set Blend Mode",
        "FLIP_LAYERS": "Flip Layers",
        "ALIGN_LAYERS": "Align Layers",
        "DISTRIBUTE_LAYERS": "Distribute Layers",
        "SET_RADIUS": "Set Radius",
        "ROTATE_LAYERS": "Rotate Layers",
        "DUPLICATE_LAYERS": "Duplicate Layers",
        "LOCK_LAYER": "Lock Layer",
        "UNLOCK_LAYER": "Unlock Layer",
        "SET_LAYER_EFFECTS": "Set Layer Effects",
        "SET_LAYER_POSITION": "Set Position",
        "SET_LAYER_SIZE": "Set Size",
        "NUDGE_LAYERS": "Nudge Layers",
        "SWAP_LAYERS": "Swap Layers",
        "COMBINE_SHAPES": "Combine Shapes",
        "PASTE_LAYER_STYLE": "Paste Layer Style",
        "RENAME_LAYER": "Rename Layer",
        "SAMPLE_GRAPHICS": "Sample Graphics",
        "SAMPLE_COLOR": "Sample Color",
        "SAMPLE_STROKE": "Sample Stroke",
        "SET_PROPORTIONAL_SCALE": "Set Proportional Scaling",
        "SET_TYPE_FACE": "Set Type Face",
        "SET_TYPE_COLOR": "Set Type Color",
        "SET_TYPE_SIZE": "Set Type Size",
        "SET_TYPE_LEADING": "Set Type Leading",
        "SET_TYPE_TRACKING": "Set Type Tracking",
        "SET_TYPE_ALIGNMENT": "Set Type Alignment",
        "GROUP_LAYERS": "Group Layers",
        "UNGROUP_LAYERS": "Ungroup Layers",
        "REORDER_LAYERS": "Reorder Layers",
        "MODIFY_EXPORT_ASSETS": "Updated Export Asset Configurations",
        "APPLY_TEXT_STYLE": "Apply Text Style",
        "APPLY_LAYER_STYLE": "Apply Layer Style",
        "CREATE_LAYER_FROM_ELEMENT": "Create Layer From Graphic Asset",
        "NEW_VECTOR_MASK_FROM_SHAPE": "Create Vector Mask From Shape Layer"
    },
    "APP_NAME": "Photoshop",
    "GO_URL": {
        "EXPERIENCE_DESIGN": "http://www.adobe.com/go/experience-design",
        "DESIGNSPACE_HELP": "http://www.adobe.com/go/designspace-help"
    },
    "FIRST_LAUNCH": {
        "CONTINUE": "Continue",
        "GET_STARTED": "Get Started",
        "SLIDES": {
            "0": {
                "TITLE": "landing",
                "HEADLINE": "Welcome to Design Space",
                "SUBHEAD": "",
                "BODY_FIRST": "Design Space (currently a Preview) is a companion experience to Photoshop for web and app designers.",
                "BODY_SECOND": "We’re working in HTML and JavaScript, creating new interactions tailored to your workflows. This is a preview release to get your feedback – so let us know what you think."
            },
            "1": {
                "TITLE": "Toolset",
                "HEADLINE": "A minimized toolset & contextual properties panel."
            },
            "2": {
                "TITLE": "Search",
                "HEADLINE_FIRST": "Search for layers, open documents, place library assets, and more.",
                "HEADLINE_SECOND": "Use Command+F on Mac or Control+F on Windows."
            },
            "3": {
                "TITLE": "Sampler",
                "HEADLINE_FIRST": "Sample colors and effects with just a click or a shift+click.",
                "HEADLINE_SECOND": "Sample everything else, even graphics, with the spacebar."
            },
            "4": {
                "TITLE": "Artboards",
                "HEADLINE": "Create multiple artboards for a more visual workflow."
            },
            "5": {
                "TITLE": "Swap",
                "HEADLINE": "Swap the contents and positions of layers and artboards with a single click."
            },
            "6": {
                "TITLE": "Switching",
                "HEADLINE": "Switch to standard Photoshop seamlessly for advanced photography features."
            },
            "7": {
                "TITLE": "Contact",
                "HEADLINE": "Design Space",
                "BODY_FIRST": "Twitter",
                "BODY_SECOND": "GitHub",
                "BODY_THIRD": "Forum",
                "BODY_ADVERTISEMENT_1": "You seem like the type who likes to check out betas. We've been hard at work building a new end-to-end solution for UX designers, including great integration with Photoshop. We're happy to share that {ADOBE_XD} is now in public beta.",
                "BODY_ADVERTISEMENT_2": "Go download a build and try it out!",
                "ADOBE_XD": "Adobe Experience Design CC"
            }
        }
    },
    "KEYBOARD_SHORTCUTS": {
        "TOOLS_TITLE": "Tools",
        "MORE_TITLE": "More",
        "SELECT_TITLE": "Select Tool",
        "TOOLS": {
            "SELECT": "Select",
            "RECTANGLE": "Rectangle",
            "ELLIPSE": "Ellipse",
            "PEN": "Pen",
            "TYPE": "Type",
            "SAMPLER": "Sampler",
            "SAMPLER_EFFECTS": "Sample Effects",
            "SAMPLER_INSTRUCTION_EFFECTS": "Shift + Click",
            "SAMPLER_HUD": "Sample Options HUD",
            "SAMPLER_INSTRUCTION_HUD": "Spacebar",
            "SEARCH": "Search",
            "SEARCH_INSTRUCTION_MAC": "Cmd + F",
            "SEARCH_INSTRUCTION_WIN": "Ctrl + F",
            "EXPORT": "Export",
            "EXPORT_INSTRUCTION_MAC": "Cmd + E",
            "EXPORT_INSTRUCTION_WIN": "Ctrl + E",
            "MASKMODE": "Mask Mode"
        },
        "SELECT_TOOL": {
            "TARGET": "Target Nested Group / Layers",
            "TARGET_INSTRUCTION": "Double-click on Canvas",
            "EDIT_PATH": "Edit Path / Text",
            "EDIT_PATH_INSTRUCTION": "Double-click on Vector Object / Type",
            "EDIT_SMART": "Edit / Open in Set Application",
            "EDIT_SMART_INSTRUCTION": "Double-click on Smart Object",
            "BACK_OUT": "Back Out of Hierarchy",
            "BACK_OUT_INSTRUCTION": "Esc",
            "HOLD_SELECTION": "Hold the Topmost Selection in Layers",
            "HOLD_SEL_MAC": "Opt + Esc",
            "HOLD_SEL_WIN": "Shift + Esc",
            "TARGET_LAYER": "Target Specific Layer",
            "TARGET_LAYER_MAC": "Cmd + Click",
            "TARGET_LAYER_WIN": "Ctrl + Click"
        }
    },
    "TITLE_PAGES": "Layers",
    "TITLE_STYLE": "Style",
    "TITLE_EFFECTS": "Effects",
    "TITLE_APPEARANCE": "Appearance",        
    "TITLE_EXPORT": "Export",
    "TITLE_LIBRARIES": "Libraries",
    "NO_DOC": {
        "RECENT_FILES_TITLE": "Recent Files",
        "ARTBOARD_PRESETS_TITLE": "Templates"
    },
    "TITLE_TRANSFORM": "Transform",
    "TOOLS": {
        "NAMES" : {
            "DIRECT_SELECTION_TOOL": "Direct Selection Tool",
            "VECTOR_MASK_MODE": "Vector Mask Mode",
            "ELLIPSE": "Ellipse Tool",
            "PEN": "Pen Tool",
            "SUPER_SELECT_TYPE": "Superselect-Type",
            "RECTANGLE": "Rectangle Tool",
            "EYEDROPPER": "Sampler Tool",
            "SELECT": "Select Tool",
            "TYPE": "Type Tool"
        }
    },
    "TOOLTIPS": {
        "SELECT_NEXT_DOCUMENT": "Select Next Document",
        "SELECT_PREVIOUS_DOCUMENT": "Select Previous Document",
        "UNSUPPORTED_FEATURES": "Document has unsupported features and is read-only",
        "DISTRIBUTE_HORIZONTALLY": "Distribute Horizontal Center",
        "DISTRIBUTE_VERTICALLY": "Distribute Vertical Center",
        "ALIGN_LEFT": "Align Left Edges",
        "ALIGN_CENTER": "Align Horizontal Center",
        "ALIGN_RIGHT": "Align Right Edges",
        "ALIGN_TOP": "Align Top Edges",
        "ALIGN_MIDDLE": "Align Vertical Center",
        "ALIGN_BOTTOM": "Align Bottom Edges",
        "SET_X_POSITION": "Set X Position",
        "SET_Y_POSITION": "Set Y Position",
        "SET_WIDTH": "Set Width",
        "LOCK_PROPORTIONAL_TRANSFORM": "Lock Width & Height to Proportional",
        "SET_HEIGHT": "Set Height",
        "SET_ROTATION": "Set Rotation",
        "FLIP_HORIZONTAL": "Flip Horizontal",
        "FLIP_VERTICAL": "Flip Vertical",
        "SWAP_POSITION": "Swap Position",
        "SET_RADIUS": "Set Border Radius",
        "SET_RADIUS_SLIDER": "Adjust Slider to Set Radius ",
        "SET_OPACITY": "Set Opacity",
        "VECTOR_SETTINGS": "Show Vector Settings",
        "SET_COMBINATION": "Set Shape Combination",
        "UNITE_SHAPE": "Unite Shape",
        "SUBTRACT_SHAPE": "Subtract Shape",
        "INTERSECT_SHAPE": "Intersect Shape",
        "DIFFERENCE_SHAPE": "Difference Shape",
        "SHOW_LOREM_IPSUM": "Show Lorem Ipsum",
        "SHOW_GLYPHS": "Show Glyphs",
        "TYPE_SETTINGS": "Show Type Settings",
        "SET_TYPEFACE": "Set Typeface",
        "SET_WEIGHT": "Set Weight",
        "SET_TYPE_COLOR": "Set Text Color",
        "SET_TYPE_SIZE": "Set Text Size",
        "SET_LETTER_SPACING": "Set Letter Spacing",
        "SET_LINE_SPACING": "Set Line Spacing",
        "SET_TYPE_ALIGNMENT": "Set Type Alignment",
        "ALIGN_TYPE_LEFT": "Align Text Left",
        "ALIGN_TYPE_CENTER": "Align Text Center",
        "ALIGN_TYPE_RIGHT": "Align Text Right",
        "ALIGN_TYPE_JUSTIFIED": "Justify Text",
        "SET_STROKE_COLOR": "Set Stroke Color",
        "SET_STROKE_OPACITY": "Set Stroke Opacity",
        "SET_STROKE_SIZE": "Set Stroke Size",
        "SET_STROKE_ALIGNMENT": "Set Stroke Alignment",
        "TOGGLE_STROKE": "Toggle Stroke",
        "SET_FILL_COLOR": "Set Fill Color",
        "SET_TYPE_FILL_COLOR": "Set Color",
        "SET_FILL_OPACITY": "Set Fill Opacity",
        "SET_FILL_BLENDING": "Set Fill Blending",
        "TOGGLE_FILL": "Toggle Fill",
        "SET_LAYER_VISIBILITY": "Set Layer Visibility",
        "LOCK_LAYER": "Lock Layer",
        "LAYER_COUNT": "Selected layers of total layers",
        "ADD_EFFECT": "Add Layer Effect",
        "TOGGLE_DROP_SHADOW": "Toggle Drop Shadow",
        "DELETE_DROP_SHADOW": "Delete Drop Shadow",
        "DELETE_LAYER_EFFECT": "Delete %s",
        "TOGGLE_LAYER_EFFECT": "Toggle %s",
        "SET_DROP_SHADOW_COLOR": "Set Drop Shadow Color",
        "SET_DROP_SHADOW_PROPS": "Set Drop Shadow Dimensions",
        "SET_DROP_SHADOW_X_POSITION": "Set Drop Shadow X Position",
        "SET_DROP_SHADOW_Y_POSITION": "Set Drop Shadow Y Position",
        "SET_DROP_SHADOW_BLUR": "Set Drop Shadow Blur",
        "SET_DROP_SHADOW_SPREAD": "Set Drop Shadow Spread",
        "SET_COLOR_PICKER_FORMAT": "Set Color Picker Format",
        "SET_COLOR_PICKER_MODE": "Set Color Picker Mode",
        "SET_COLOR_OVERLAY_COLOR": "Set Color Overlay Color",
        "TOGGLE_COLOR_OVERLAY": "Toggle Color Overlay",
        "DELETE_COLOR_OVERLAY": "Delete Color Overlay",
        "SET_STROKE_EFFECT_COLOR": "Set Stroke Color",
        "SET_STROKE_EFFECT_SIZE": "Set Stroke Size",
        "TOGGLE_STROKE_EFFECT": "Toggle Stroke",
        "DELETE_STROKE_EFFECT": "Delete Stroke",
        "TOGGLE_INNER_SHADOW": "Toggle Inner Shadow",
        "DELETE_INNER_SHADOW": "Delete Inner Shadow",
        "SET_INNER_SHADOW_COLOR": "Set Inner Shadow Color",
        "SET_INNER_SHADOW_PROPS": "Set Inner Shadow Dimensions",
        "SET_INNER_SHADOW_X_POSITION": "Set Inner Shadow X Position",
        "SET_INNER_SHADOW_Y_POSITION": "Set Inner Shadow Y Position",
        "SET_INNER_SHADOW_BLUR": "Set Inner Shadow Blur",
        "SET_INNER_SHADOW_SPREAD": "Set Inner Shadow Spread",
        "SECTION_COLLAPSE": ": double-click to collapse",
        "SECTION_EXPAND": ": double-click to expand",
        "PANEL_COLUMN_COLLAPSE": ": click to collapse",
        "PANEL_COLUMN_EXPAND": ": click to expand",
        "LAYERS_LIBRARIES": "Layers and Libraries",
        "PROPERTIES": "Properties",
        "GRID_MODE": "Show items as icons",
        "LIST_MODE": "Show items in a list",
        "ADD_GRAPHIC": "Add Graphic",
        "ADD_CHARACTER_STYLE": "Add Character Style",
        "ADD_LAYER_STYLE": "Add Layer Style",
        "ADD_FILL_COLOR": "Add Fill Color",
        "ADD_STROKE_COLOR": "Add Stroke Color",
        "ADD_TEXT_COLOR": "Add Text Color",
        "SEARCH_ADOBE_STOCK": "Search Adobe Stock",
        "SYNC_LIBRARIES": "Sync Libraries",
        "LIBRARY_SHARE": "Share",
        "LIBRARY_SEND_LINK": "Send Link",
        "LIBRARY_VIEW_ON_WEBSITE": "View on Website",
        "LIBRARY_CLICK_TO_APPLY": "Click to apply",
        "LIBRARY_DELETE": "Delete",
        "LIBRARY_EDITABLE_GRAPHIC": "Double click to edit",
        "LIBRARY_NONEDITABLE_GRAPHIC": "Not editable in this app",
        "LIBRARY_EMPTY_GRAPHIC": "Graphic has no content",
        "EXPORT_EXPORT_ASSETS": "Export these assets",
        "EXPORT_ADD_ASSET": "Add export asset",
        "EXPORT_REMOVE_ASSET": "Remove asset configuration",
        "EXPORT_IOS_PRESETS": "Add 3 iOS assets + SVG",
        "EXPORT_HDPI_PRESETS": "Add 6 HDPI assets + SVG",
        "EXPORT_DIALOG": "Export",
        "REFERENCE_POINT_TOOL": "Set reference point",
        "VECTOR_MASK_MODE": "Mask mode",
        "SEARCH": "Search",
        "TOOLS": {
            "superselectVector": "A - Select Vector Tool",
            "newSelect": "V - Select Tool",
            "rectangle": "R - Rectangle Tool",
            "ellipse": "E - Ellipse Tool",
            "pen": "P - Pen Tool",
            "typeCreateOrEdit": "T - Type Tool",
            "sampler": "I - Sampler Tool"
        }
    },
    "LAYER_KIND": {
        "ANY": "Any Layer",
        "PIXEL": "Pixel Layer",
        "ADJUSTMENT": "Adjustment Layer",
        "TEXT": "Text Layer",
        "VECTOR": "Vector Layer",
        "SMARTOBJECT": "Smart Object Layer",
        "VIDEO": "Video Layer",
        "GROUP": "Group Layer",
        "3D": "3D Layer",
        "GRADIENT": "Gradient Layer",
        "PATTERN": "Pattern Layer",
        "SOLIDCOLOR": "Solidcolor Layer",
        "BACKGROUND": "Background Layer",
        "GROUPEND": "Groupend Layer",
        "ARTBOARD": "Artboard"
    },
    "LAYER_KIND_ALERTS": {
        "LINK_MISSING": "Missing Linked Object",
        "LINK_CHANGED": "Linked Object Updated"
    },
    "COLOR_PICKER": {
        "FORMAT": "Format",
        "RGB_MODEL": {
            "R": "R",
            "G": "G",
            "B": "B"
        },
        "HSB_MODEL": {
            "H": "H",
            "S": "S",
            "B": "B"
        },
        "MODE": {
            "SOLID": "Solid",
            "GRADIENT": "Gradient",
            "PATTERN": "Pattern"
        },
        "OPACITY": "A"
    },
    "TRANSFORM": {
        "X": "X",
        "Y": "Y",
        "W": "W",
        "H": "H",
        "RADIUS": "Radius",
        "ROTATE": "Rotate",
        "MIXED": "Mixed"
    },
    "STYLE": {
        "BLEND": {
            "NORMAL": "Normal",
            "DISSOLVE": "Dissolve",
            "DARKEN": "Darken",
            "LIGHTEN": "Lighten",
            "SCREEN": "Screen",
            "OVERLAY": "Overlay",
            "MULTIPLY": "Multiply",
            "COLORBURN": "Color Burn",
            "LINEARBURN": "Linear Burn",
            "DARKERCOLOR": "Darker Color",
            "PASSTHROUGH": "Pass Through",
            "COLORDODGE": "Color Dodge",
            "LINEARDODGE": "Linear Dodge",
            "LIGHTERCOLOR": "Lighter Color",
            "SOFTLIGHT": "Soft Light",
            "HARDLIGHT": "Hard Light",
            "VIVIDLIGHT": "Vivid Light",
            "LINEARLIGHT": "Linear Light",
            "PINLIGHT": "Pin Light",
            "HARDMIX": "Hard Mix",
            "DIFFERENCE": "Difference",
            "EXCLUSION": "Exclusion",
            "SUBTRACT": "Subtract",
            "DIVIDE": "Divide",
            "HUE": "Hue",
            "SATURATION": "Saturation",
            "COLOR": "Color",
            "LUMINOSITY": "Luminosity"
        },
        "OPACITY": "Opacity",
        "FILL": {
            "TITLE": "Fill",
            "ALPHA": "Alpha",
            "BLENDING": "Blending"
        },
        "STROKE": {
            "TITLE": "Stroke",
            "ALPHA": "Alpha",
            "SIZE": "Size",
            "ALIGNMENT": "Align",
            "ALIGNMENT_MODES": {
                "INSIDE": "Inside",
                "CENTER": "Center",
                "OUTSIDE": "Outside"
            }
        },
        "DROP_SHADOW": {
            "TITLE": "Drop Shadows",
            "ADD": "Add Drop Shadow",
            "TITLE_SINGLE": "Drop Shadow",
            "X_POSITION": "X",
            "Y_POSITION": "Y",
            "BLUR": "Blur",
            "SPREAD": "Spread",
            "MIXED": "Mixed Appearances"
        },
        "INNER_SHADOW": {
            "TITLE": "Inner Shadows",
            "ADD": "Add Inner Shadow",
            "TITLE_SINGLE": "Inner Shadow",            
            "X_POSITION": "X",
            "Y_POSITION": "Y",
            "BLUR": "Blur",
            "SPREAD": "Spread",
            "MIXED": "Mixed Appearances"
        },
        "COLOR_OVERLAY": {
            "TITLE": "Color Overlays",
            "TITLE_SINGLE": "Color Overlay",            
            "MIXED": "Mixed Appearances"
        },
        "STROKE_EFFECT": {
            "TITLE": "Strokes",
            "TITLE_SINGLE": "Stroke",   
            "SIZE": "Size",
            "MIXED": "Mixed Appearances"
        },
        "UNSUPPORTED_EFFECTS": {
            "TITLE": "Unsupported",
            "NAMES": {
                "BEVEL_EMBOSS": "Bevel & Emboss",
                "SATIN": "Satin",
                "INNER_GLOW": "Inner Glow",
                "OUTER_GLOW": "Outer Glow",
                "PATTERN_OVERLAY": "Pattern Overlay",
                "GRADIENT_OVERLAY": "Gradient Overlay"
            },
            "MIXED": "Mixed Appearances"
        },
        "TYPE": {
            "TITLE": "Type",
            "TYPEFACE": "Typeface",
            "WEIGHT": "Weight",
            "SIZE": "Size",
            "LETTER": "Letter",
            "LINE": "Line",
            "ALIGN": "Align",
            "AUTO_LEADING": "auto",
            "MISSING": "[Missing Font]",
            "MIXED": "Mixed Fonts",
            "MIXED_STYLE": "Mixed Font Styles"
        },
        "VECTOR": {
            "TITLE": "Vector",
            "COMBINE": "Combine"
        },
        "COPY": "Copy style",
        "PASTE": "Paste style"
    },
    "EXPORT": {
        "EXPORT_LIST_ALL_ARTBOARDS": "All Artboards",
        "EXPORT_LIST_ALL_ASSETS": "All Assets",
        "BUTTON_EXPORT": "Export",
        "BUTTON_CANCEL": "Cancel",
        "TITLE_SCALE": "Scale",
        "TITLE_SUFFIX": "Suffix",
        "TITLE_SETTINGS": "Settings",
        "EXPORT_DOCUMENT_FILENAME": "document",
        "ONLY_UNSUPPORTED_LAYERS_SELECTED": "No supported layers selected",
        "EXPORT_MIXED": "Selection has mixed exports",
        "NO_ASSETS": "No exports configured",
        "USE_PREFIX": "Use Prefix"
    },
    "TEMPLATES": {
        "IPHONE_6_PLUS": "iPhone 6+",
        "IPHONE_6": "iPhone 6",
        "IPHONE_5": "iPhone 5",
        "IPAD_12": "iPad Mini",
        "IPAD_34": "iPad Retina",
        "IPAD_PRO": "iPad Pro",
        "ANDROID_1080P": "Android 1080p",
        "MS_SURFACE_PRO_3": "Microsoft Surface Pro 3",
        "APPLE_WATCH_38MM": "Apple Watch 38mm",
        "APPLE_WATCH_42MM": "Apple Watch 42mm",
        "WEB_1440_900": "Web",
        "WEB_1920_1080": "Web"
    },
    "SEARCH": {
        "PLACEHOLDER": "Search, open & select",
        "PLACEHOLDER_INITIALIZING": "Initializing…",
        "PLACEHOLDER_FILTER": "Search ",
        "NO_OPTIONS_STOCK": "Search Adobe Stock…",
        "NO_OPTIONS": "No results match your search",
        "UNTITLED": "Untitled",
        "HEADERS": {
            "ALL_LAYER": "Layers",
            "CURRENT_LAYER": "Layers",
            "CURRENT_DOC": "Open Documents",
            "RECENT_DOC": "Recent Documents",
            "MENU_COMMAND": "Menu Commands",
            "LIBRARY": "All Libraries",
            "FILTER": "Limit search to…",
            "GLOBAL_SHORTCUT": "Global Shortcuts"
        },
        "CATEGORIES": {
            "ADOBE_STOCK": "Adobe Stock",
            "CURRENT_DOC": "Open Documents",
            "RECENT_DOC": "Recent Documents",
            "MENU_COMMAND": "Menu Commands",
            "ALL_LAYER": "Layers",
            "CURRENT_LAYER": "Layers",
            "ARTBOARD": "Artboards",
            "PIXEL": "Pixel Layers",
            "ADJUSTMENT": "Adjustment Layers",
            "TEXT": "Text Layers",
            "VECTOR": "Vector Layers",
            "SMARTOBJECT": "Smart Objects",
            "GROUP": "Group Layers",
            "LIBRARY": "All Libraries",
            "GRAPHIC": "Graphics",
            "LAYERSTYLE": "Layer Styles",
            "CHARACTERSTYLE": "Character Styles",
            "GLOBAL_SHORTCUT": "Global Shortcuts"
        },
        "MODIFIERS": {
            "COMMAND": "Cmd",
            "SHIFT": "Shift",
            "ALT": "Alt",
            "CONTROL": "Ctrl"
        }
    },
    "KEYCODE": {
        "8": "Backspace",
        "9": "Tab",
        "13": "Enter",
        "27": "Escape",
        "33": "Page Up",
        "34": "Page Down",
        "35": "End",
        "36": "Home",
        "37": "Left Arrow",
        "38": "Up Arrow",
        "39": "Right Arrow",
        "40": "Down Arrow",
        "45": "Insert",
        "46": "Delete",
        "91": "Windows",
        "92": "Windows",
        "93": "Windows Menu",
        "112": "F1",
        "113": "F2",
        "114": "F3",
        "115": "F4",
        "116": "F5",
        "117": "F6",
        "118": "F7",
        "119": "F8",
        "120": "F9",
        "121": "F10",
        "122": "F11",
        "123": "F12"
    },
    "LIBRARIES": {
        "CREATE_LIBRARY": "Create New Library",
        "RENAME_LIBRARY": "Rename Library",
        "DELETE_LIBRARY": "Delete Library",
        "DELETE_LIBRARY_CONFIRM": "Are you sure you want to delete \"%s\"?",
        "DELETE_SHARED_LIBRARY_CONFIRM": "Your collaborators will no longer have access to this library if you delete it. Are you sure you want to delete \"%s\"?",
        "LEAVE_LIBRARY": "Leave Library",
        "LEAVE_LIBRARY_CONFIRM": "Are you sure you want to leave \"%s\"?",
        "DELETE_ASSET": "Delete Asset",
        "DELETE_ASSET_CONFIRM": "Are you sure you want to delete \"%s\"?",
        "GRAPHICS": "Graphics",
        "COLORS": "Colors",
        "COLOR_THEMES": "Color Themes",
        "CHAR_STYLES": "Character Styles",
        "LAYER_STYLES": "Layer Styles",
        "BRUSHES": "Brushes",
        "BRUSHES_UNSUPPORTED": "Brushes are not supported in Design Space.",
        "BTN_CANCEL": "Cancel",
        "BTN_CREATE": "Create",
        "BTN_RENAME": "Rename",
        "BTN_DELETE": "Delete",
        "BTN_LEAVE": "Leave",
        "CLICK_TO_APPLY": "Click to apply",
        "LIBRARY_NAME": "Library Name",
        "INTRO_TITLE": "Your Content. Anywhere.",
        "INTRO_BODY": "Use Libraries to organize, access, and share your assets across desktop and mobile.",
        "INTRO_LINK_TITLE": "Learn how to use Libraries",
        "INTRO_URL": "https://helpx.adobe.com/creative-cloud/help/libraries.html",
        "NO_CONNECTION": "To use Creative Cloud Libraries, please sign in to Creative Cloud.",
        "LEADING": "Leading: %s",
        "LEADING_AUTO": "Auto",
        "TRACKING": "Tracking: %s"
    },
    "ERR": {
        "UNRECOVERABLE": "Design Space has encountered an unrecoverable error."
    }
}
