{
    "APPLICATION": {
        "$enable-rule": "always",
        "ABOUT_MAC": {
            "$action": "menu.native",
            "$payload": {
                "commandID": 1
            },
            "$enable-rule": "always-except-modal"
        },
        "HIDE_APPLICATION": {
            "$action": "menu.native",
            "$payload": {
                "commandID": 7001
            },
            "$enable-rule": "always"
        },
        "HIDE_OTHER_APPLICATIONS": {
            "$action": "menu.native",
            "$payload": {
                "commandID": 7002
            },
            "$enable-rule": "always"
        },
        "SHOW_ALL": {
            "$action": "menu.native",
            "$payload": {
                "commandID": 7003
            },
            "$enable-rule": "always"
        },
        "QUIT_APPLICATION_MAC": {
            "$action": "menu.native",
            "$payload": {
                "commandID": 36
            },
            "$enable-rule": "always"
        }
    },
    "FILE": {
        "$enable-rule": "always",
        "NEW": {
            "$action": "documents.createNew",
            "$enable-rule": "always-except-modal"
        },
        "NEW_EXTENDED": {
            "$action": "documents.createNewExtended",
            "$enable-rule": "always-except-modal"
        },
        "NEW_FROM_TEMPLATE": {
            "$enable-rule": "always-except-modal"
        },
        "OPEN": {
            "$action": "documents.open",
            "$enable-rule": "always-except-modal"
        },
        "CLOSE": {
            "$action": "documents.close",
            "$enable-rule": "have-document"
        },
        "SAVE": {
            "$action": "menu.native",
            "$payload": {
                "commandID": 30
            },
            "$enable-rule": "dirty-document"
        },
        "SAVE_AS": {
            "$action": "menu.native",
            "$payload": {
                "commandID": 32
            },
            "$enable-rule": "have-document"
        },
        "EXPORT_UTILITY": {
            "$action": "export.openExportPanel",
            "$enable-rule": "supported-document,export-enabled"
        },
        "REVERT": {
            "$action": "history.revertCurrentDocument",
            "$payload": {
                "commandID": 34
            },
            "$enable-rule": "dirty-previously-saved-document,not-vector-mask-mode"
        },
        "OPEN_RECENT": {
            "$enable-rule": "always-except-modal"
        },
        "PLACE_LINKED": {
            "$action": "menu.native",
            "$payload": {
                "commandID": 3090
            },
            "$enable-rule": "supported-document,always-except-modal,not-vector-mask-mode"
        },
        "PLACE_EMBEDDED": {
            "$action": "menu.native",
            "$payload": {
                "commandID": 1032
            },
            "$enable-rule": "supported-document,always-except-modal,not-vector-mask-mode"
        },
        "PACKAGE": {
            "$action": "documents.packageDocument",
            "$enable-rule": "psd-document,have-linked"
        },
        "PRINT": {
            "$action": "menu.native",
            "$payload": {
                "commandID": 2101
            },
            "$enable-rule": "have-document"
        },
        "QUIT_APPLICATION_WIN": {
            "$action": "menu.native",
            "$payload": {
                "commandID": 36
            },
            "$enable-rule": "always"
        }
    },
    "EDIT": {
        "$enable-rule": "always",
        "CUT": {
            "$action": "edit.cut",
            "$payload": {
                "preserveFocus": true
            },
            "$enable-rule": "super-search-or-have-document"
        },
        "COPY": {
            "$action": "edit.copy",
            "$payload": {
                "preserveFocus": true
            },
            "$enable-rule": "super-search-or-have-document"
        },
        "PASTE": {
            "$action": "edit.paste",
            "$payload": {
                "preserveFocus": true
            },
            "$enable-rule": "super-search-or-have-document"
        },
        "UNDO": {
            "$action": "edit.undo",
            "$payload": {
                "preserveFocus": true
            },
            "$enable-rule": "have-document,earlier-history"
        },
        "REDO": {
            "$action": "edit.redo",
            "$payload": {
                "preserveFocus": true
            },
            "$enable-rule": "have-document,later-history"
        },
        "SELECT_ALL": {
            "$action": "edit.selectAll",
            "$payload": {
                "preserveFocus": true
            },
            "$enable-rule": "super-search-or-have-document"
        },
        "DESELECT": {
            "$action": "layers.deselectAll",
            "$enable-rule": "layer-selected"
        },
        "DELETE": {
            "$action": "layers.deleteSelected",
            "$enable-rule": "layer-selected"
        },
        "COPY_LAYER_STYLE": {
            "$action": "sampler.copyLayerStyle",
            "$enable-rule": "layers-selected-1"
        },
        "PASTE_LAYER_STYLE": {
            "$action": "sampler.pasteLayerStyle",
            "$enable-rule": "layers-selected-1"
        },
        "SEARCH": {
            "$action": "search.toggleSearchBar",
            "$enable-rule": "not-unsupported-document,always-except-modal"
        }
    },
    "LAYER": {
        "$enable-rule": "always",
        "TRANSFORM": {
            "$enable-rule": "layer-selected",
            "TRANSFORM_ROTATE_180": {
                "$action": "transform.rotateLayersInCurrentDocument",
                "$payload": {
                    "angle": 180
                },
                "$enable-rule": "layer-selected"
            },
            "TRANSFORM_ROTATE_LEFT": {
                "$action": "transform.rotateLayersInCurrentDocument",
                "$payload": {
                    "angle": -90
                },
                "$enable-rule": "layer-selected"
            },
            "TRANSFORM_ROTATE_RIGHT": {
                "$action": "transform.rotateLayersInCurrentDocument",
                "$payload": {
                    "angle": 90
                },
                "$enable-rule": "layer-selected"
            }
        },
        "COMBINE": {
            "$enable-rule": "layers-selected-all-shapes",
            "COMBINE_UNION": {
                "$action": "shapes.combineUnion",
                "$enable-rule": "layers-selected-all-shapes"
            },
            "COMBINE_SUBTRACT": {
                "$action": "shapes.combineSubtract",
                "$enable-rule": "layers-selected-all-shapes"
            },
            "COMBINE_INTERSECT": {
                "$action": "shapes.combineIntersect",
                "$enable-rule": "layers-selected-all-shapes"
            },
            "COMBINE_DIFFERENCE": {
                "$action": "shapes.combineDifference",
                "$enable-rule": "layers-selected-all-shapes"
            }
        },
        "DUPLICATE": {
            "$action": "layers.duplicate",
            "$enable-rule": "have-document,layer-selected"
        },
        "CREATE_ARTBOARD": {
            "$action": "groups.createArtboard",
            "$enable-rule": "supported-document,not-vector-mask-mode"
        },
        "NEW_ARTBOARD_FROM_TEMPLATE": {
            "$enable-rule": "supported-document,not-vector-mask-mode"
        },
        "NEW_VECTOR_MASK_FROM_SHAPE": {
            "$action": "mask.createVectorMaskFromShape",
            "$enable-rule": "vector-mask-from-shape"
        }

    },
    "ARRANGE": {
        "$enable-rule": "always",
        "SHOW_LAYER": {
            "$action": "layers.setVisibilitySelectedInCurrentDocument",
            "$enable-rule": "layer-selected",
            "$payload": true
        },
        "HIDE_LAYER": {
            "$action": "layers.setVisibilitySelectedInCurrentDocument",
            "$enable-rule": "layer-selected",
            "$payload": false
        },
        "LOCK_LAYER": {
            "$action": "layers.lockSelectedInCurrentDocument",
            "$enable-rule": "layer-selected"
        },
        "UNLOCK_LAYER": {
            "$action": "layers.unlockSelectedInCurrentDocument",
            "$enable-rule": "layer-selected"
        },
        "FLIP_HORIZONTAL": {
            "$action": "transform.flipXCurrentDocument",
            "$enable-rule": "layer-selected"
        },
        "FLIP_VERTICAL": {
            "$action": "transform.flipYCurrentDocument",
            "$enable-rule": "layer-selected"
        },
        "SWAP_POSITION": {
            "$action": "transform.swapLayersCurrentDocument",
            "$enable-rule": "layers-selected-2,no-background,no-nesting"
        },
        "GROUP_LAYERS": {
            "$action": "groups.groupSelectedInCurrentDocument",
            "$enable-rule": "layer-selected,no-background,no-artboards"
        },
        "UNGROUP_LAYERS": {
            "$action": "groups.ungroupSelected",
            "$enable-rule": "layer-selected"
        },
        "DISTRIBUTE": {
            "$enable-rule": "layers-selected-normalized-3+,no-background,no-nesting",
            "DISTRIBUTE_HORIZONTAL": {
                "$action": "transform.distributeX",
                "$enable-rule": "layers-selected-normalized-3+,no-background,no-nesting"
            },
            "DISTRIBUTE_VERTICAL": {
                "$action": "transform.distributeY",
                "$enable-rule": "layers-selected-normalized-3+,no-background,no-nesting"
            }
        },
        "ALIGN": {
            "$enable-rule": "layers-selected-2+,no-background,no-nesting-except-artboards",
            "ALIGN_LEFT": {
                "$action": "transform.alignLeft",
                "$enable-rule": "layers-selected-2+,no-background,no-nesting-except-artboards"
            },
            "ALIGN_CENTER": {
                "$action": "transform.alignHCenter",
                "$enable-rule": "layers-selected-2+,no-background,no-nesting-except-artboards"
            },
            "ALIGN_RIGHT": {
                "$action": "transform.alignRight",
                "$enable-rule": "layers-selected-2+,no-background,no-nesting-except-artboards"
            },
            "ALIGN_TOP": {
                "$action": "transform.alignTop",
                "$enable-rule": "layers-selected-2+,no-background,no-nesting-except-artboards"
            },
            "ALIGN_MIDDLE": {
                "$action": "transform.alignVCenter",
                "$enable-rule": "layers-selected-2+,no-background,no-nesting-except-artboards"
            },
            "ALIGN_BOTTOM": {
                "$action": "transform.alignBottom",
                "$enable-rule": "layers-selected-2+,no-background,no-nesting-except-artboards"
            }
        },
        "BRING_TO_FRONT": {
            "$action": "layers.bringToFront",
            "$enable-rule": "layer-selected,no-background"
        },
        "BRING_FORWARD": {
            "$action": "layers.bringForward",
            "$enable-rule": "layer-selected,no-background"
        },
        "SEND_BACKWARD": {
            "$action": "layers.sendBackward",
            "$enable-rule": "layer-selected,no-background"
        },
        "SEND_TO_BACK": {
            "$action": "layers.sendToBack",
            "$enable-rule": "layer-selected,no-background"
        }
    },
    "VIEW": {
        "$enable-rule": "always",
        "ZOOM_IN": {
            "$action": "ui.zoomInOut",
            "$payload": {
                "zoomIn": true,
                "preserveFocus": true
            },
            "$enable-rule": "have-document"
        },
        "ZOOM_OUT": {
            "$action": "ui.zoomInOut",
            "$payload": {
                "zoomIn": false,
                "preserveFocus": true
            },
            "$enable-rule": "have-document"
        },
        "FIT_TO_WINDOW": {
            "$action": "ui.centerOn",
            "$payload": {
                "on": "document",
                "zoomInto": true,
                "preserveFocus": true
            },
            "$enable-rule": "have-document"
        },
        "ACTUAL_SIZE": {
            "$action": "ui.zoom",
            "$payload": {
                "zoom": 1,
                "preserveFocus": true
            },
            "$enable-rule": "have-document"
        },
        "ZOOM_TO_SELECTION": {
            "$action": "ui.centerOn",
            "$payload": {
                "zoomInto": true,
                "preserveFocus": true
            },
            "$enable-rule": "have-document"
        },
        "CENTER_SELECTION": {
            "$action": "ui.centerOn",
            "$payload": {
                "zoomInto": false,
                "preserveFocus": true
            },
            "$enable-rule": "have-document"
        },
        "TOGGLE_GUIDES": {
            "$action": "documents.toggleGuidesVisibility",
            "$enable-rule": "supported-document"
        },
        "TOGGLE_SMART_GUIDES": {
            "$action": "documents.toggleSmartGuidesVisibility",
            "$enable-rule": "supported-document"
        },
        "CLEAR_GUIDES": {
            "$action": "guides.clearGuides",
            "$enable-rule": "supported-document,have-guides"
        }
    },
    "WINDOW": {
        "$enable-rule": "always",
        "NEXT_DOCUMENT": {
            "$action": "documents.selectNextDocument",
            "$enable-rule": "multiple-documents"
        },
        "PREVIOUS_DOCUMENT": {
            "$action": "documents.selectPreviousDocument",
            "$enable-rule": "multiple-documents"
        },
        "TOGGLE_TOOLBAR": {
            "$action": "panel.togglePinnedToolbar",
            "$enable-rule": "always-except-modal"
        },
        "COLOR_THEME": {
            "$enable-rule": "always-except-modal",
            "ORIGINAL": {
                "$action": "panel.setColorStop",
                "$enable-rule": "always-except-modal",
                "$payload": {
                    "stop": "ORIGINAL"
                }
            },
            "LIGHT": {
                "$action": "panel.setColorStop",
                "$enable-rule": "always-except-modal",
                "$payload": {
                    "stop": "LIGHT"
                }
            },
            "MEDIUM": {
                "$action": "panel.setColorStop",
                "$enable-rule": "always-except-modal",
                "$payload": {
                    "stop": "MEDIUM"
                }
            },
            "DARK": {
                "$action": "panel.setColorStop",
                "$enable-rule": "always-except-modal",
                "$payload": {
                    "stop": "DARK"
                }
            }
        },
        "TOGGLE_SINGLE_COLUMN_MODE": {
            "$action": "panel.toggleSingleColumnMode",
            "$enable-rule": "always-except-modal"
        },
        "RETURN_TO_STANDARD": {
            "$action": "menu.native",
            "$payload": {
                "commandID": 5999
            },
            "$enable-rule": "always"
        }
    },
    "DEBUG": {
        "$enable-rule": "always",
        "RUN_TESTS": {
            "$action": "debug.runTests",
            "$enable-rule": "always-except-modal"
        },
        "ACTION_FAILURE": {
            "$action": "debug.actionFailure",
            "$enable-rule": "always-except-modal"
        },
        "TRANSFER_FAILURE": {
            "$action": "debug.transferFailure",
            "$enable-rule": "always-except-modal"
        },
        "RESET_FAILURE": {
            "$action": "debug.resetFailure",
            "$enable-rule": "always-except-modal"
        },
        "CORRUPT_MODEL": {
            "$action": "debug.corruptModel",
            "$enable-rule": "always-except-modal"
        },
        "LAYER_PANEL_PERFORMANCE_TEST": {
            "$action": "debug.layerPanelPerformanceTest",
            "$enable-rule": "always-except-modal"
        },
        "UPDATE_CURRENT_DOCUMENT": {
            "$action": "documents.updateDocument",
            "$enable-rule": "have-document"
        },
        "RESET_RECESS": {
            "$action": "debug.resetRecess",
            "$enable-rule": "always-except-modal"
        },
        "LOAD_DEBUGGING_HELPERS": {
            "$action": "debug.loadDebuggingHelpers",
            "$enable-rule": "always-except-modal"
        },
        "TOGGLE_POLICY_FRAMES": {
            "$action": "debug.togglePolicyFrames",
            "$enable-rule": "always-except-modal"
        },
        "TOGGLE_POSTCONDITIONS": {
            "$action": "debug.togglePostconditions",
            "$enable-rule": "always-except-modal"
        },
        "TOGGLE_ACTION_LOGGING": {
            "$action": "debug.toggleActionLogging",
            "$enable-rule": "always-except-modal"
        },
        "TOGGLE_ACTION_TRANSFER_LOGGING": {
            "$action": "debug.toggleActionTransferLogging",
            "$enable-rule": "always-except-modal"
        },
        "TOGGLE_DESCRIPTOR_LOGGING": {
            "$action": "debug.logDescriptor",
            "$enable-rule": "always-except-modal"
        },
        "TOGGLE_HEADLIGHTS_LOGGING": {
            "$action": "debug.logHeadlights",
            "$enable-rule": "always-except-modal"
        }
    },
    "HELP": {
        "$enable-rule": "always",
        "ABOUT_WIN": {
            "$action": "menu.native",
            "$payload": {
                "commandID": 1
            },
            "$enable-rule": "always-except-modal"
        },
        "OPEN_FIRST_LAUNCH": {
            "$action": "help.openFirstLaunch",
            "$enable-rule": "always-except-modal"
        },
        "SHORTCUTS": {
            "$action": "help.openKeyboardShortcuts",
            "$enable-rule": "always-except-modal"
        },
        "TWITTER": {
            "$action": "menu.openURL",
            "$payload": {
                "url": "https://www.adobe.com/go/designspace-twitter",
                "category": "help",
                "subcategory": "external-link",
                "eventName": "twitter"
            },
            "$enable-rule": "always-except-modal"
        },
        "HELPX": {
            "$action": "menu.openURL",
            "$payload": {
                "url": "strings.GO_URL.DESIGNSPACE_HELP",
                "localize": true,
                "category": "help",
                "subcategory": "external-link",
                "eventName": "helpX"
            },
            "$enable-rule": "always-except-modal"
        },
        "FORUM": {
            "$action": "menu.openURL",
            "$payload": {
                "url": "https://www.adobe.com/go/designspace-forum",
                "category": "help",
                "subcategory": "external-link",
                "eventName": "forum"
            },
            "$enable-rule": "always-except-modal"
        }
    }
}
