{
    "id": "win",
    "menu": [
        {
            "id": "FILE",
            "submenu": [
                {
                    "id": "NEW",
                    "shortcut": {
                        "keyChar": true,
                        "modifiers": {
                            "control": true
                        }
                    }
                },
                {
                    "id": "NEW_EXTENDED",
                    "shortcut": {
                        "keyChar": true,
                        "modifiers": {
                            "control": true,
                            "alt": true
                        }
                    }
                },
                {
                    "id": "NEW_FROM_TEMPLATE",
                    "submenu": []
                },
                {
                    "id": "OPEN",
                    "shortcut": {
                        "keyChar": true,
                        "modifiers": {
                            "control": true
                        }
                    }
                },
                {
                    "id": "OPEN_RECENT",
                    "submenu": []
                },
                {
                    "separator": true
                },
                {
                    "id": "CLOSE",
                    "shortcut": {
                        "keyChar": true,
                        "modifiers": {
                            "control": true
                        }
                    }
                },
                {
                    "id": "SAVE",
                    "shortcut": {
                        "keyChar": true,
                        "modifiers": {
                            "control": true
                        }
                    }
                },
                {
                    "id": "SAVE_AS",
                    "shortcut": {
                        "keyChar": true,
                        "modifiers": {
                            "control": true,
                            "shift": true
                        }
                    }
                },
                {
                    "id": "REVERT",
                    "shortcut": {
                        "keyCode": true
                    }
                },
                {
                    "separator": true
                },
                {
                    "id": "EXPORT_UTILITY",
                    "shortcut": {
                        "keyChar": true,
                        "modifiers": {
                            "control": true
                        }
                    }
                },
                {
                    "id": "PLACE_LINKED",
                    "shortcut": {
                        "keyChar": true,
                        "modifiers": {
                            "control": true
                        }
                    }
                },
                {
                    "id": "PLACE_EMBEDDED",
                    "shortcut": {
                        "keyChar": true,
                        "modifiers": {
                            "control": true,
                            "shift": true
                        }
                    }
                },
                {
                    "id": "PACKAGE"
                },
                {
                    "separator": true
                },
                {
                    "id": "PRINT",
                    "shortcut": {
                        "keyChar": true,
                        "modifiers": {
                            "control": true,
                            "alt": true,
                            "shift": true
                        }
                    }
                },
                {
                    "separator": true
                },
                {
                    "id": "QUIT_APPLICATION_WIN",
                    "shortcut": {
                        "keyChar": true,
                        "modifiers": {
                            "control": true
                        }
                    }
                }
            ]
        },
        {
            "id": "EDIT",
            "submenu": [
                {
                    "id": "UNDO",
                    "commandKind": "UNDO",
                    "shortcut": {
                        "keyChar": true,
                        "modifiers": {
                            "control": true
                        }
                    }
                },
                {
                    "id": "REDO",
                    "commandKind": "REDO",
                    "shortcut": {
                        "keyChar": true,
                        "modifiers": {
                            "control": true,
                            "shift": true
                        }
                    }
                },
                {
                    "separator": true
                },
                {
                    "id": "CUT",
                    "commandKind": "CUT",
                    "shortcut": {
                        "keyChar": true,
                        "modifiers": {
                            "control": true
                        }
                    }
                },
                {
                    "id": "COPY",
                    "commandKind": "COPY",
                    "shortcut": {
                        "keyChar": true,
                        "modifiers": {
                            "control": true
                        }
                    }
                },
                {
                    "id": "PASTE",
                    "commandKind": "PASTE",
                    "shortcut": {
                        "keyChar": true,
                        "modifiers": {
                            "control": true
                        }
                    }
                },
                {
                    "id": "DELETE"
                },
                {
                    "separator": true
                },
                {
                    "id": "SELECT_ALL",
                    "commandKind": "SELECT_ALL",
                    "shortcut": {
                        "keyChar": true,
                        "modifiers": {
                            "control": true
                        }
                    }
                },
                {
                    "id": "DESELECT",
                    "shortcut": {
                        "keyChar": true,
                        "modifiers": {
                            "control": true,
                            "shift": true
                        }
                    }
                },
                {
                    "separator": true
                },
                {
                    "id": "COPY_LAYER_STYLE",
                    "shortcut": {
                        "keyChar": true,
                        "modifiers": {
                            "control": true,
                            "alt": true
                        }
                    }
                },
                {
                    "id": "PASTE_LAYER_STYLE",
                    "shortcut": {
                        "keyChar": true,
                        "modifiers": {
                            "control": true,
                            "alt": true
                        }
                    }
                },
                {
                    "separator": true
                },
                {
                    "id": "SEARCH",
                    "shortcut": {
                        "keyChar": "f",
                        "modifiers": {
                            "control": true
                        }
                    }
                }
            ]
        },
        {
            "id": "LAYER",
            "submenu": [
                {
                    "id": "COMBINE",
                    "submenu": [
                        {
                            "id": "COMBINE_UNION"
                        },
                        {
                            "id": "COMBINE_SUBTRACT"
                        },
                        {
                            "id": "COMBINE_INTERSECT"
                        },
                        {
                            "id": "COMBINE_DIFFERENCE"
                        }
                    ]
                },
                {
                    "id": "TRANSFORM",
                    "submenu": [
                        {
                            "id": "TRANSFORM_ROTATE_180"
                        },
                        {
                            "id": "TRANSFORM_ROTATE_LEFT"
                        },
                        {
                            "id": "TRANSFORM_ROTATE_RIGHT"
                        }
                    ]
                },
                {
                    "separator": true
                },
                {
                    "id": "DUPLICATE",
                    "shortcut": {
                        "keyChar": true,
                        "modifiers": {
                            "control": true
                        }
                    }
                },
                {
                    "separator": true
                },
                {
                    "id": "CREATE_ARTBOARD",
                    "shortcut": {
                        "keyChar": true,
                        "modifiers": {
                            "control": true
                        }
                    }
                },
                {
                    "id": "NEW_ARTBOARD_FROM_TEMPLATE",
                    "submenu": []
                },
                {
                    "separator": true
                },
                {
                    "id":"NEW_VECTOR_MASK_FROM_SHAPE",
                    "shortcut": {
                        "keyChar": true,
                        "modifiers": {
                            "control": true
                        }
                    }
                }
            ]
        },
        {
            "id": "ARRANGE",
            "submenu": [
                {
                    "id": "DISTRIBUTE",
                    "submenu": [
                        {
                            "id": "DISTRIBUTE_HORIZONTAL"
                        },
                        {
                            "id": "DISTRIBUTE_VERTICAL"
                        }
                    ]
                },
                {
                    "id": "ALIGN",
                    "submenu": [
                        {
                            "id": "ALIGN_LEFT"
                        },
                        {
                            "id": "ALIGN_CENTER"
                        },
                        {
                            "id": "ALIGN_RIGHT"
                        },
                        {
                            "separator": true
                        },
                        {
                            "id": "ALIGN_TOP"
                        },
                        {
                            "id": "ALIGN_MIDDLE"
                        },
                        {
                            "id": "ALIGN_BOTTOM"
                        }
                    ]
                },
                {
                    "separator": true
                },
                {
                    "id": "FLIP_HORIZONTAL",
                    "shortcut": {
                        "keyChar": true,
                        "modifiers": {
                            "control": true
                        }
                    }

                },
                {
                    "id": "FLIP_VERTICAL",
                    "shortcut": {
                        "keyChar": true,
                        "modifiers": {
                            "control": true,
                            "alt": true
                        }
                    }

                },
                {
                    "id": "SWAP_POSITION",
                    "shortcut": {
                        "keyChar": true,
                        "modifiers": {
                            "control": true,
                            "alt": true,
                            "shift": true
                        }
                    }

                },
                {
                    "separator": true
                },
                {
                    "id": "SHOW_LAYER",
                    "shortcut": {
                        "keyChar": true,
                        "modifiers": {
                            "control": true
                        }
                    }
                },
                {
                    "id": "HIDE_LAYER",
                    "shortcut": {
                        "keyChar": true,
                        "modifiers": {
                            "control": true,
                            "alt": true
                        }
                    }
                },
                {
                    "separator": true
                },
                {
                    "id": "LOCK_LAYER",
                    "shortcut": {
                        "keyChar": true,
                        "modifiers": {
                            "control": true
                        }
                    }
                },
                {
                    "id": "UNLOCK_LAYER",
                    "shortcut": {
                        "keyChar": true,
                        "modifiers": {
                            "control": true,
                            "alt": true
                        }
                    }
                },
                {
                    "separator": true
                },
                {
                    "id": "GROUP_LAYERS",
                    "shortcut": {
                        "keyChar": true,
                        "modifiers": {
                            "control": true
                        }
                    }
                },
                {
                    "id": "UNGROUP_LAYERS",
                    "shortcut": {
                        "keyChar": true,
                        "modifiers": {
                            "control": true,
                            "shift": true
                        }
                    }
                },
                {
                    "separator": true
                },
                {
                    "id": "BRING_TO_FRONT",
                    "shortcut": {
                        "keyChar": true,
                        "modifiers": {
                            "control": true,
                            "shift": true
                        }
                    }
                },
                {
                    "id": "BRING_FORWARD",
                    "shortcut": {
                        "keyChar": true,
                        "modifiers": {
                            "control": true
                        }
                    }
                },
                {
                    "id": "SEND_BACKWARD",
                    "shortcut": {
                        "keyChar": true,
                        "modifiers": {
                            "control": true
                        }
                    }
                },
                {
                    "id": "SEND_TO_BACK",
                    "shortcut": {
                        "keyChar": true,
                        "modifiers": {
                            "control": true,
                            "shift": true
                        }
                    }
                }
            ]
        },
        {
            "id": "VIEW",
            "submenu": [
                {
                    "id": "ZOOM_IN",
                    "shortcut": {
                        "keyChar": true,
                        "modifiers": {
                            "control": true
                        }
                    }
                },
                {
                    "id": "ZOOM_OUT",
                    "shortcut": {
                        "keyChar": true,
                        "modifiers": {
                            "control": true
                        }
                    }
                },
                {
                    "separator": true
                },
                {
                    "id": "FIT_TO_WINDOW",
                    "shortcut": {
                        "keyChar": true,
                        "modifiers": {
                            "control": true
                        }
                    }
                },
                {
                    "id": "ACTUAL_SIZE",
                    "shortcut": {
                        "keyChar": true,
                        "modifiers": {
                            "control": true
                        }
                    }
                },
                {
                    "id": "ZOOM_TO_SELECTION",
                    "shortcut": {
                        "keyChar": true,
                        "modifiers": {
                            "control": true
                        }
                    }
                },
                {
                    "id": "CENTER_SELECTION",
                    "shortcut": {
                        "keyChar": true,
                        "modifiers": {
                            "control": true
                        }
                    }
                },
                {
                    "separator": true
                },
                {
                    "id": "TOGGLE_GUIDES",
                    "shortcut": {
                        "keyChar": true,
                        "modifiers": {
                            "control": true
                        }
                    }
                },
                {
                    "id": "TOGGLE_SMART_GUIDES",
                    "shortcut": {
                        "keyChar": true,
                        "modifiers": {
                            "control": true,
                            "alt": true,
                            "shift": true
                        }
                    }
                },
                {
                    "separator": true
                },
                {
                    "id": "CLEAR_GUIDES"
                }
            ]
        },
        {
            "id": "WINDOW",
            "submenu": [
                {
                    "id": "RETURN_TO_STANDARD",
                    "shortcut": {
                        "keyChar": true,
                        "modifiers": {
                            "alt": true,
                            "control": true
                        }
                    }
                },
                {
                    "separator": true
                },
                {
                    "id": "COLOR_THEME",
                    "submenu": [
                        {
                            "id": "ORIGINAL"
                        },
                        {
                            "id": "LIGHT"
                        },
                        {
                            "id": "MEDIUM"
                        },
                        {
                            "id": "DARK"
                        }
                    ]
                },
                {
                    "id": "TOGGLE_TOOLBAR"
                },
                {
                    "id": "TOGGLE_SINGLE_COLUMN_MODE"
                },
                {
                    "separator": true
                },
                {
                    "id": "MINIMIZE",
                    "shortcut": {
                        "keyChar": true,
                        "modifiers": {
                            "control": true
                        }
                    }
                },
                {
                    "separator": true
                },
                {
                    "id": "NEXT_DOCUMENT",
                    "shortcut": {
                        "keyChar": true,
                        "modifiers": {
                            "control": true
                        }
                    }
                },
                {
                    "id": "PREVIOUS_DOCUMENT"
                },
                {
                    "separator": true
                }
            ]
        },
        {
            "id": "DEBUG",
            "submenu": [
                {
                    "id": "RUN_TESTS",
                    "shortcut": {
                        "keyChar": true,
                        "modifiers": {
                            "shift": true,
                            "control": true,
                            "alt": true
                        }
                    },
                    "debug": true
                },
                {
                    "id": "ACTION_FAILURE",
                    "debug": true
                },
                {
                    "id": "TRANSFER_FAILURE",
                    "debug": true
                },
                {
                    "id": "RESET_FAILURE",
                    "debug": true
                },
                {
                    "id": "CORRUPT_MODEL",
                    "debug": true
                },
                {
                    "id": "LAYER_PANEL_PERFORMANCE_TEST",
                    "debug": true
                },
                {
                    "separator": true,
                    "debug": true
                },
                {
                    "id": "UPDATE_CURRENT_DOCUMENT",
                    "shortcut": {
                        "keyChar": true,
                        "modifiers": {
                            "shift": true,
                            "control": true,
                            "alt": true
                        }
                    },
                    "debug": true
                },
                {
                    "id": "LOAD_DEBUGGING_HELPERS",
                    "debug": true
                },
                {
                    "id": "RESET_RECESS",
                    "shortcut": {
                        "keyChar": true,
                        "modifiers": {
                            "shift": true,
                            "control": true,
                            "alt": true
                        }
                    },
                    "debug": true
                },
                {
                    "separator": true,
                    "debug": true
                },
                {
                    "id": "TOGGLE_POLICY_FRAMES",
                    "debug": true
                },
                {
                    "id": "TOGGLE_POSTCONDITIONS",
                    "debug": true
                },
                {
                    "id": "TOGGLE_ACTION_LOGGING",
                    "debug": true
                },
                {
                    "id": "TOGGLE_ACTION_TRANSFER_LOGGING",
                    "debug": true
                },
                {
                    "id": "TOGGLE_DESCRIPTOR_LOGGING",
                    "debug": true
                },
                {
                    "id": "TOGGLE_HEADLIGHTS_LOGGING",
                    "debug": true
                }
            ]
        },
        {
            "id": "HELP",
            "submenu": [
                {
                    "id": "ABOUT_WIN"
                },
                {
                    "separator": true
                },
                {
                    "id": "HELPX"
                },
                {
                    "id": "FORUM"
                },
                {
                    "id": "TWITTER"
                },
                {
                    "separator": true
                },
                {
                    "id": "SHORTCUTS"
                },
                {
                    "id": "OPEN_FIRST_LAUNCH"
                }
            ]
        }
    ]
}
