{
    "APPLICATION": {
        "$MENU": "Anwendung",
        "ABOUT_MAC": "Über Photoshop…",
        "PREFERENCES": "Voreinstellungen…",
        "HIDE_APPLICATION": "Photoshop ausblenden",
        "HIDE_OTHER_APPLICATIONS": "Andere ausblenden",
        "SHOW_ALL": "Alles einblenden",
        "QUIT_APPLICATION_MAC": "Photoshop beenden"
    },
    "FILE": {
        "$MENU": "Datei",
        "NEW": "Neu",
        "NEW_EXTENDED": "Neu…",
        "NEW_FROM_TEMPLATE": {
            "$MENU": "Neu aus Vorlage",
            "IPHONE_6_PLUS": "iPhone 6+",
            "IPHONE_6": "iPhone 6",
            "IPHONE_5": "iPhone 5",
            "IPAD_12": "iPad mini",
            "IPAD_34": "iPad Retina",
            "IPAD_PRO": "iPad Pro",
            "ANDROID_1080P": "Android 1080p",
            "MS_SURFACE_PRO": "Microsoft Surface Pro",
            "MS_SURFACE_PRO_3": "Microsoft Surface Pro 3",
            "APPLE_WATCH_38MM": "Apple Watch 38 mm",
            "APPLE_WATCH_42MM": "Apple Watch 42 mm",
            "WEB_1440_900": "Web (1440 x 900)",
            "WEB_1920_1080": "Web (1920 x 1080)"
        },
        "OPEN": "Öffnen…",
        "OPEN_RECENT": {
            "$MENU": "Letzte Dateien öffnen"
        },
        "CLOSE": "Schließen",
        "SAVE": "Speichern",
        "SAVE_AS": "Speichern unter…",
        "EXPORT_UTILITY": "Exportieren…",
        "REVERT": "Wiederherstellen",
        "RENAME_DOCUMENT": "Umbenennen…",
        "GENERATE_ASSETS": "Elemente generieren…",
        "AUTO_GENERATE_IMAGE_ASSETS": "Elemente automatisch generieren",
        "PLACE_EMBEDDED": "Platzieren und einbetten…",
        "PLACE_LINKED": "Platzieren und verknüpfen…",
        "PACKAGE": "Verpacken…",
        "PRINT": "Drucken…",
        "QUIT_APPLICATION_WIN": "Photoshop beenden"
    },
    "EDIT": {
        "$MENU": "Bearbeiten",
        "UNDO": "Rückgängig",
        "REDO": "Wiederholen",
        "CUT": "Ausschneiden",
        "CUT_ATTRIBUTES": "Attribute ausschneiden | Stil",
        "COPY": "Kopieren",
        "COPY_MERGED": "Auf eine Ebene reduziert kopieren",
        "COPY_ATTRIBUTES": "Attribute kopieren | Stil",
        "COPY_CSS": "CSS-Attribute kopieren",
        "PASTE": "Einfügen",
        "PASTE_ATTRIBUTES": "Attribute einfügen | Stil",
        "DELETE": "Löschen",
        "CLEAR_ATTRIBUTES": "Attribute löschen",
        "DUPLICATE": "Auswahl duplizieren",
        "DUPLICATE_WITH_OFFSET": "Auswahl mit Versatz duplizieren",
        "SELECT_ALL": "Alles auswählen",
        "DESELECT": "Auswahl aufheben",
        "INVERT_SELECTION": "Auswahl umkehren",
        "COPY_LAYER_STYLE": "Ebenenstil kopieren",
        "PASTE_LAYER_STYLE": "Ebenenstil einfügen",
        "SEARCH": "Suchen"
    },
    "LAYER": {
        "$MENU": "Ebene",
        "CONVERT_TO_SMART_OBJECT": "In Smartobjekt konvertieren",
        "FIND_LAYER": "Ebene suchen...",
        "RENAME_LAYER": "Ebene umbenennen…",
        "MERGE_LAYERS": "Auf eine Ebene reduzieren",
        "COMBINE": {
            "$MENU": "Kombinieren",
            "COMBINE_UNION": "Vereinigen",
            "COMBINE_SUBTRACT": "Subtrahieren",
            "COMBINE_INTERSECT": "Schnittmenge bilden",
            "COMBINE_DIFFERENCE": "Differenz"
        },
        "TRANSFORM": {
            "$MENU": "Transformieren",
            "TRANSFORM_SCALE": "Skalieren",
            "TRANSFORM_ROTATE": "Drehen",
            "TRANSFORM_ROTATE_180": "Um 180° drehen",
            "TRANSFORM_ROTATE_LEFT": "Nach links drehen",
            "TRANSFORM_ROTATE_RIGHT": "Nach rechts drehen"
        },
        "CREATE_CLIPPING_MASK": "Schnittmaske erstellen",
        "CREATE_ARTBOARD": "Neue Zeichenfläche erstellen",
        "DUPLICATE": "Auswahl duplizieren",
        "NEW_ARTBOARD_FROM_TEMPLATE": {
            "$MENU": "Neue Zeichenfläche",
            "IPHONE_6_PLUS": "iPhone 6+",
            "IPHONE_6": "iPhone 6",
            "IPHONE_5": "iPhone 5",
            "IPAD_12": "iPad mini",
            "IPAD_34": "iPad Retina",
            "IPAD_PRO": "iPad Pro",
            "ANDROID_1080P": "Android 1080p",
            "MS_SURFACE_PRO": "Microsoft Surface Pro",
            "MS_SURFACE_PRO_3": "Microsoft Surface Pro 3",
            "APPLE_WATCH_38MM": "Apple Watch 38 mm",
            "APPLE_WATCH_42MM": "Apple Watch 42 mm",
            "WEB_1440_900": "Web (1440 x 900)",
            "WEB_1920_1080": "Web (1920 x 1080)"
        },
        "NEW_VECTOR_MASK_FROM_SHAPE": "Vektormaske aus Ebene erstellen"
    },
    "TYPE": {
        "$MENU": "Typ",
        "ADD_FONTS_FROM_TYPEKIT": "Schriften aus Typekit hinzufügen…",
        "BOLD": "Fett",
        "ITALIC": "Kursiv",
        "UNDERLINE": "Unterstrichen",
        "CHANGE_CASE": {
            "$MENU": "Groß-/Kleinschreibung ändern",
            "LOWERCASE": "Kleinschreibung",
            "UPPERCASE": "GROSSSCHREIBUNG",
            "TITLECASE": "Groß-/Kleinschreibung von Titel",
            "SENTENCECASE": "Groß-/Kleinschreibung von Satz"
        },
        "INCREASE_FONT_SIZE": "Schriftgröße erhöhen",
        "DECREASE_FONT_SIZE": "Größe verringern",
        "TEXT_SPACING_TIGHTEN": "Kerning | Zeichenabstand verringern",
        "TEXT_SPACING_LOOSEN": "Kerning | Zeichenabstand vergrößern",
        "LINEHEIGHT_INCREASE": "Zeilenhöhe anheben",
        "LINEHEIGHT_DECREASE": "Niedrigere Zeilenhöhe",
        "ALIGN_TEXT": {
            "$MENU": "Text ausrichten",
            "ALIGN_TEXT_LEFT": "Links",
            "ALIGN_TEXT_CENTER": "Mitte",
            "ALIGN_TEXT_RIGHT": "Rechts",
            "ALIGN_TEXT_JUSTIFY": "Ausrichten"
        },
        "SWASH": "Kursive Zierbuchstaben | …",
        "OLD_STYLE": "Alter Stil | …",
        "ORNAMENTS": "Ornamente | …",
        "ORDINALS": "Ordnungszahlen | …",
        "FRACTIONS": "Bruchziffern | …",
        "STANDARD_LIGATURES": "Standardligaturen | …",
        "DISCRETIONARY_LIGATURES": "Ligaturen nach eigenem Ermessen | …",
        "TITLING_ALTERNATES": "Titelschriftligaturen | …",
        "CONTEXTUAL_ALTERNATES": "Kontextbezogene Alternativen | …",
        "STYLISTIC_ALTERNATES": "Stilistische Alternativen | …",
        "JUSTIFICATION_ALTERNATES": "Ausrichtungsalternativen | …",
        "CONVERT_TEXT_TO_OUTLINES": "Konvertieren von Text in Konturen"
    },
    "ARRANGE": {
        "$MENU": "Anordnen",
        "BRING_FORWARD": "Schrittweise nach vorne",
        "BRING_FRONT": "In den Vordergrund",
        "SEND_BACKWARD": "Schrittweise nach hinten",
        "SEND_TO_BACK": "In den Hintergrund",
        "LAYOUT_MAKE_GRID_OF_OBJECTS": "Raster aus Objekten erstellen...",
        "LAYOUT_DIVIDE": "Unterteilen…",
        "LAYOUT_INSET": "Quadrat…",
        "DISTRIBUTE": {
            "$MENU": "Objekte verteilen",
            "DISTRIBUTE_HORIZONTAL": "Horizontal",
            "DISTRIBUTE_VERTICAL": "Vertikal",
            "DISTRIBUTE_EVENLY": "Gleichmäßig"
        },
        "ALIGN": {
            "$MENU": "Objekte ausrichten",
            "ALIGN_LEFT": "Links",
            "ALIGN_CENTER": "Zentriert",
            "ALIGN_RIGHT": "Rechts",
            "ALIGN_TOP": "Oben",
            "ALIGN_MIDDLE": "Mitte",
            "ALIGN_BOTTOM": "Unten"
        },
        "FLIP_HORIZONTAL": "Horizontal spiegeln",
        "FLIP_VERTICAL": "Vertikal spiegeln",
        "SWAP_POSITION": "Position tauschen",
        "LOCK_LAYER": "Fixieren",
        "UNLOCK_LAYER": "Lösen",
        "SHOW_LAYER": "Anzeigen",
        "HIDE_LAYER": "Ausblenden",
        "GROUP_LAYERS": "Gruppieren",
        "UNGROUP_LAYERS": "Gruppierung aufheben",
        "BRING_TO_FRONT": "In den Vordergrund"
    },
    "VIEW": {
        "$MENU": "Ansicht",
        "ZOOM_IN": "Einzoomen",
        "ZOOM_OUT": "Auszoomen",
        "FIT_TO_WINDOW": "An Fenster anpassen",
        "ACTUAL_SIZE": "Originalgröße",
        "ZOOM_TO_SELECTION": "Auf Auswahl vergrößern",
        "CENTER_SELECTION": "Auswahl zentrieren",
        "FULLSCREEN_MENUBAR": "Vollbild mit Menüleiste",
        "FULLSCREEN": "Vollbild",
        "PRESENTATION": "Präsentation",
        "TOGGLE_EXTRAS": "Extras anzeigen | ausblenden",
        "TOGGLE_RULERS": "Lineale anzeigen | ausblenden",
        "TOGGLE_SMART_GUIDES": "Intelligente Hilfslinien anzeigen",
        "TOGGLE_GUIDES": "Hilfslinien anzeigen",
        "CLEAR_GUIDES": "Hilfslinien löschen"
    },
    "WINDOW": {
        "$MENU": "Fenster",
        "MINIMIZE": "Minimieren",
        "BRING_ALL_TO_FRONT": "Alle in den Vordergrund",
        "NEXT_DOCUMENT": "Nächstes Dokument",
        "TOGGLE_TOOLBAR": "Symbolleiste anheften",
        "TOGGLE_SINGLE_COLUMN_MODE": "Modus: Einzelne Spalte",
        "COLOR_THEME": {
            "$MENU": "Farbe für die Programmoberfläche",
            "ORIGINAL": "Original",
            "LIGHT": "Wenig",
            "MEDIUM": "Mittel",
            "DARK": "Dunkel"
        },
        "PREVIOUS_DOCUMENT": "Vorheriges Dokument",
        "RETURN_TO_STANDARD": "Zum Standard-Photoshop zurückkehren",
        "OPEN_DOCUMENT": "Dokument öffnen",
        "OPEN_DOCUMENT_ONE": "Dokumentname 1",
        "OPEN_DOCUMENT_TWO": "Dokumentname 2",
        "OPEN_DOCUMENT_THREE": "…usw…"
    },
    "DEBUG": {
        "$MENU": "Debuggen",
        "RUN_TESTS": "Tests ausführen...",
        "ACTION_FAILURE": "Test-Aktions-Fehler…",
        "TRANSFER_FAILURE": "Testübertragungsfehler…",
        "RESET_FAILURE": "Test-Zurücksetzen-Fehler…",
        "CORRUPT_MODEL": "Testmodell-Beschädigung…",
        "LAYER_PANEL_PERFORMANCE_TEST": "Leistung von Ebenenbedienfeld testen",
        "UPDATE_CURRENT_DOCUMENT": "Aktuelles Dokument aktualisieren",
        "RESET_RECESS": "Design-Bereich zurücksetzen",
        "LOAD_DEBUGGING_HELPERS": "Debugging-Helfer laden",
        "TOGGLE_POLICY_FRAMES": "Richtlinien-Rahmen anzeigen",
        "TOGGLE_POSTCONDITIONS": "Nachbedingungen überprüfen",
        "TOGGLE_ACTION_LOGGING": "Aktionen protokollieren",
        "TOGGLE_ACTION_TRANSFER_LOGGING": "Protokollaktionsübertragungen",
        "TOGGLE_DESCRIPTOR_LOGGING": "Deskriptor-Ereignisse protokollieren",
        "TOGGLE_HEADLIGHTS_LOGGING": "Scheinwerfer-Ereignisse protokollieren"
    },
    "HELP": {
        "$MENU": "Hilfe",
        "ABOUT_WIN": "Über Photoshop…",
        "OPEN_FIRST_LAUNCH": "Design-Bereich – Einführung",
        "SHORTCUTS": "Tastaturbefehle",
        "TWITTER": "Design-Bereich auf Twitter",
        "HELPX": "Design-Bereich – Hilfe",
        "FORUM": "Design-Bereich-Forum"
    }
}
