{
    "ACTIONS": {
        "ADD_STROKE": "Kontur hinzufügen",
        "ADD_FILL": "Füllung hinzufügen",
        "ADD_VECTOR_MASK": "Vektormaske hinzufügen",
        "APPLY_LIBRARY_COLOR": "Bibliotheksfarbe anwenden",
        "CREATE_ARTBOARD": "Zeichenfläche erstellen",
        "SET_STROKE_COLOR": "Konturfarbe festlegen",
        "SET_STROKE": "Kontur festlegen",
        "SET_STROKE_OPACITY": "Strichdeckkraft festlegen",
        "SET_STROKE_WIDTH": "Konturbreite festlegen",
        "SET_STROKE_ALIGNMENT": "Konturausrichtung festlegen",
        "SET_FILL_COLOR": "Füllfarbe festlegen",
        "SET_FILL_OPACITY": "Fülldeckkraft festlegen",
        "DELETE_LAYERS": "Ebenen löschen",
        "DELETE_VECTOR_MASK": "Vektormaske löschen",
        "CHANGE_LAYER_OPACITY": "Ebenendeckkraft ändern",
        "SET_BLEND_MODE": "Füllmethode festlegen",
        "FLIP_LAYERS": "Ebenen spiegeln",
        "ALIGN_LAYERS": "Ebenen ausrichten",
        "DISTRIBUTE_LAYERS": "Ebenen verteilen",
        "SET_RADIUS": "Radius festlegen",
        "ROTATE_LAYERS": "Ebenen drehen",
        "DUPLICATE_LAYERS": "Ebenen duplizieren",
        "LOCK_LAYER": "Ebene sperren",
        "UNLOCK_LAYER": "Ebene lösen",
        "SET_LAYER_EFFECTS": "Ebeneneffekte festlegen",
        "SET_LAYER_POSITION": "Position festlegen",
        "SET_LAYER_SIZE": "Größe festlegen",
        "NUDGE_LAYERS": "Ebenen verschieben",
        "SWAP_LAYERS": "Ebenen tauschen",
        "COMBINE_SHAPES": "Formen kombinieren",
        "PASTE_LAYER_STYLE": "Ebenenstil einfügen",
        "RENAME_LAYER": "Ebene umbenennen",
        "SAMPLE_GRAPHICS": "Beispielgrafiken",
        "SAMPLE_COLOR": "Farbe aufnehmen",
        "SAMPLE_STROKE": "Beispielkontur",
        "SET_PROPORTIONAL_SCALE": "Proportionale Skalierung festlegen",
        "SET_TYPE_FACE": "Schriftart festlegen",
        "SET_TYPE_COLOR": "Schriftfarbe festlegen",
        "SET_TYPE_SIZE": "Schriftgrad festlegen",
        "SET_TYPE_LEADING": "Zeilenabstand für Schrift festlegen",
        "SET_TYPE_TRACKING": "Schriftlaufweite festlegen",
        "SET_TYPE_ALIGNMENT": "Schriftausrichtung festlegen",
        "GROUP_LAYERS": "Ebenen gruppieren",
        "UNGROUP_LAYERS": "Ebenengruppierung aufheben",
        "REORDER_LAYERS": "Ebenen neu anordnen",
        "MODIFY_EXPORT_ASSETS": "Aktualisierte Export-Asset-Konfigurationen",
        "APPLY_TEXT_STYLE": "Textformat anwenden",
        "APPLY_LAYER_STYLE": "Ebenenstil anwenden",
        "CREATE_LAYER_FROM_ELEMENT": "Ebene aus grafischem Element erstellen",
        "NEW_VECTOR_MASK_FROM_SHAPE": "Vektormaske aus Formebene erstellen"
    },
    "APP_NAME": "Photoshop",
    "GO_URL": {
        "EXPERIENCE_DESIGN": "http://www.adobe.com/go/experience-design_de",
        "DESIGNSPACE_HELP": "http://www.adobe.com/go/designspace-help_de"
    },
    "FIRST_LAUNCH": {
        "CONTINUE": "Fortsetzen",
        "GET_STARTED": "Erste Schritte",
        "SLIDES": {
            "0": {
                "TITLE": "Start",
                "HEADLINE": "Willkommen beim Design-Bereich",
                "SUBHEAD": "",
                "BODY_FIRST": "Der Design-Bereich (derzeit eine Vorschau) ist eine Companion-App zu Photoshop für Web- und App-Designer.",
                "BODY_SECOND": "Wir arbeiten in HTML und JavaScript, um neue Interaktionen zu schaffen, die auf Ihre Arbeitsabläufe zugeschnitten sind. Dies ist eine Vorschauversion, für die wir Ihr Feedback benötigen – teilen Sie uns mit, was Sie denken."
            },
            "1": {
                "TITLE": "Werkzeugsatz",
                "HEADLINE": "Ein minimierter Werkzeugsatz und kontextuelles Eigenschaftenbedienfeld."
            },
            "2": {
                "TITLE": "Suchen",
                "HEADLINE_FIRST": "Suchen Sie nach Ebenen und geöffneten Dokumenten, platzieren Sie Bibliothekselemente und vieles mehr.",
                "HEADLINE_SECOND": "Verwenden Sie Befehlstaste+F auf Mac oder Strg+F auf Windows."
            },
            "3": {
                "TITLE": "Farbaufnahme",
                "HEADLINE_FIRST": "Nehmen Sie Farben und Effekte ganz einfach per Klick oder Umschalt-Klick auf.",
                "HEADLINE_SECOND": "Nehmen Sie alles andere, sogar Grafiken, mit der Leertaste auf."
            },
            "4": {
                "TITLE": "Zeichenflächen",
                "HEADLINE": "Erstellen Sie mehrere Zeichenflächen für einen visuelleren Arbeitsablauf."
            },
            "5": {
                "TITLE": "Vertauschen",
                "HEADLINE": "Vertauschen Sie Inhalte und Positionen von Ebenen mit einem einzigen Klick."
            },
            "6": {
                "TITLE": "Wechseln",
                "HEADLINE": "Wechseln Sie nahtlos zum Standard-Photoshop, um erweiterte Fotografiefunktionen in Anspruch zu nehmen."
            },
            "7": {
                "TITLE": "Kontakt",
                "HEADLINE": "Design-Bereich",
                "BODY_FIRST": "Twitter",
                "BODY_SECOND": "GitHub",
                "BODY_THIRD": "Forum",
                "BODY_ADVERTISEMENT_1": "Sie scheinen der Typ zu sein, der gerne Beta-Versionen ausprobiert. Wir haben es uns mit der Entwicklung einer neuen End-to-End-Lösung für UX-Designer nicht leicht gemacht und auch für eine tolle Integration mit Photoshop gesorgt. Wir freuen uns, mitteilen zu können, dass {ADOBE_XD} jetzt in einer öffentlichen Beta-Version vorliegt.",
                "BODY_ADVERTISEMENT_2": "Laden Sie einen Build herunter und testen Sie es!",
                "ADOBE_XD": "Adobe Experience Design CC"
            }
        }
    },
    "KEYBOARD_SHORTCUTS": {
        "TOOLS_TITLE": "Werkzeuge",
        "MORE_TITLE": "Mehr",
        "SELECT_TITLE": "Auswahlwerkzeug",
        "TOOLS": {
            "SELECT": "Auswahl",
            "RECTANGLE": "Rechteck",
            "ELLIPSE": "Ellipse",
            "PEN": "Zeichenstift",
            "TYPE": "Typ",
            "SAMPLER": "Farbaufnahme",
            "SAMPLER_EFFECTS": "Effekte aufnehmen",
            "SAMPLER_INSTRUCTION_EFFECTS": "Umschalt+Klicken",
            "SAMPLER_HUD": "Aufnahmeoptionen HUD",
            "SAMPLER_INSTRUCTION_HUD": "Leertaste",
            "SEARCH": "Suchen",
            "SEARCH_INSTRUCTION_MAC": "Befehlstaste + F",
            "SEARCH_INSTRUCTION_WIN": "Strg + F",
            "EXPORT": "Exportieren",
            "EXPORT_INSTRUCTION_MAC": "Befehlstaste+E",
            "EXPORT_INSTRUCTION_WIN": "Strg+E",
            "MASKMODE": "Maskierungsmodus"
        },
        "SELECT_TOOL": {
            "TARGET": "Verschachtelte Grup./Eben. ansteuern",
            "TARGET_INSTRUCTION": "Auf Leinwand doppelkl.",
            "EDIT_PATH": "Pfad/Text bearbeiten",
            "EDIT_PATH_INSTRUCTION": "Auf Vektorobjekt/-text doppelkl.",
            "EDIT_SMART": "In festgel. Anwendung bearb./öffnen",
            "EDIT_SMART_INSTRUCTION": "Auf Smartobjekt doppelkl.",
            "BACK_OUT": "Zurück aus der Hierarchie",
            "BACK_OUT_INSTRUCTION": "Esc",
            "HOLD_SELECTION": "Oberste Ebenenauswahl beibehalten",
            "HOLD_SEL_MAC": "Wahltaste + Esc-Taste",
            "HOLD_SEL_WIN": "Umschalt + Esc",
            "TARGET_LAYER": "Bestimmte Ebene ansteuern",
            "TARGET_LAYER_MAC": "Befehlstaste + Klicken",
            "TARGET_LAYER_WIN": "Strg + Klicken"
        }
    },
    "TITLE_PAGES": "Ebenen",
    "TITLE_STYLE": "Stil",
    "TITLE_EFFECTS": "Effekte",
    "TITLE_APPEARANCE": "Aussehen",
    "TITLE_EXPORT": "Exportieren",
    "TITLE_LIBRARIES": "Bibliotheken",
    "NO_DOC": {
        "RECENT_FILES_TITLE": "Zuletzt verwendete Dateien",
        "ARTBOARD_PRESETS_TITLE": "Vorlagen"
    },
    "TITLE_TRANSFORM": "Transformieren",
    "TOOLS": {
        "NAMES": {
            "DIRECT_SELECTION_TOOL": "Direktauswahl-Werkzeug",
            "VECTOR_MASK_MODE": "Vektormaskenmodus",
            "ELLIPSE": "Ellipse-Werkzeug",
            "PEN": "Zeichenstift-Werkzeug",
            "SUPER_SELECT_TYPE": "Überauswahl-Typ",
            "RECTANGLE": "Rechteck-Werkzeug",
            "EYEDROPPER": "Farbaufnahme-Werkzeug",
            "SELECT": "Auswahlwerkzeug",
            "TYPE": "Text-Werkzeug"
        }
    },
    "TOOLTIPS": {
        "SELECT_NEXT_DOCUMENT": "Nächstes Dokument auswählen",
        "SELECT_PREVIOUS_DOCUMENT": "Vorheriges Dokument auswählen",
        "UNSUPPORTED_FEATURES": "Dokument enthält nicht unterstützte Funktionen und ist schreibgeschützt",
        "DISTRIBUTE_HORIZONTALLY": "Um horizontale Mittelachse verteilen",
        "DISTRIBUTE_VERTICALLY": "Um vertikale Mittelachse verteilen",
        "ALIGN_LEFT": "Linke Kanten ausrichten",
        "ALIGN_CENTER": "An horizontaler Mittelachse ausrichten",
        "ALIGN_RIGHT": "Rechte Kanten ausrichten",
        "ALIGN_TOP": "Obere Kanten ausrichten",
        "ALIGN_MIDDLE": "An vertikaler Mittelachse ausrichten",
        "ALIGN_BOTTOM": "Untere Kanten ausrichten",
        "SET_X_POSITION": "X-Position festlegen",
        "SET_Y_POSITION": "Y-Position festlegen",
        "SET_WIDTH": "Breite festlegen",
        "LOCK_PROPORTIONAL_TRANSFORM": "Proportionen für Breite und Höhe sperren",
        "SET_HEIGHT": "Höhe festlegen",
        "SET_ROTATION": "Drehung festlegen",
        "FLIP_HORIZONTAL": "Horizontal spiegeln",
        "FLIP_VERTICAL": "Vertikal spiegeln",
        "SWAP_POSITION": "Position tauschen",
        "SET_RADIUS": "Randradius festlegen",
        "SET_RADIUS_SLIDER": "Regler verschieben, um den Radius festzulegen ",
        "SET_OPACITY": "Deckkraft festlegen",
        "VECTOR_SETTINGS": "Vektoreinstellungen anzeigen",
        "SET_COMBINATION": "Formkombination festlegen",
        "UNITE_SHAPE": "Form vereinigen",
        "SUBTRACT_SHAPE": "Form subtrahieren",
        "INTERSECT_SHAPE": "Schnittmenge von Form",
        "DIFFERENCE_SHAPE": "Differenzform",
        "SHOW_LOREM_IPSUM": "Platzhaltertext anzeigen",
        "SHOW_GLYPHS": "Glyphen anzeigen",
        "TYPE_SETTINGS": "Schrifteinstellungen anzeigen",
        "SET_TYPEFACE": "Schriftart festlegen",
        "SET_WEIGHT": "Stärke festlegen",
        "SET_TYPE_COLOR": "Textfarbe festlegen",
        "SET_TYPE_SIZE": "Textgröße festlegen",
        "SET_LETTER_SPACING": "Zeichenabstand festlegen",
        "SET_LINE_SPACING": "Zeilenabstand festlegen",
        "SET_TYPE_ALIGNMENT": "Schriftausrichtung festlegen",
        "ALIGN_TYPE_LEFT": "Text linksbündig ausrichten",
        "ALIGN_TYPE_CENTER": "Text zentriert ausrichten",
        "ALIGN_TYPE_RIGHT": "Text rechtsbündig ausrichten",
        "ALIGN_TYPE_JUSTIFIED": "Text im Blocksatz ausrichten",
        "SET_STROKE_COLOR": "Konturfarbe festlegen",
        "SET_STROKE_OPACITY": "Strichdeckkraft festlegen",
        "SET_STROKE_SIZE": "Konturstärke festlegen",
        "SET_STROKE_ALIGNMENT": "Konturausrichtung festlegen",
        "TOGGLE_STROKE": "Kontur ein/aus",
        "SET_FILL_COLOR": "Füllfarbe festlegen",
        "SET_TYPE_FILL_COLOR": "Farbe festlegen",
        "SET_FILL_OPACITY": "Fülldeckkraft festlegen",
        "SET_FILL_BLENDING": "Füllung festlegen",
        "TOGGLE_FILL": "Füllung ein/aus",
        "SET_LAYER_VISIBILITY": "Ebenensichtbarkeit festlegen",
        "LOCK_LAYER": "Ebene sperren",
        "LAYER_COUNT": "Ausgewählte Ebenen von Gesamtebenen",
        "ADD_EFFECT": "Ebeneneffekt hinzufügen",
        "TOGGLE_DROP_SHADOW": "Schlagschatten ein/aus",
        "DELETE_DROP_SHADOW": "Schlagschatten löschen",
        "DELETE_LAYER_EFFECT": "%s löschen",
        "TOGGLE_LAYER_EFFECT": "Ein/aus: %s",
        "SET_DROP_SHADOW_COLOR": "Schlagschattenfarbe festlegen",
        "SET_DROP_SHADOW_PROPS": "Maße für Schlagschatten festlegen",
        "SET_DROP_SHADOW_X_POSITION": "X-Position für Schlagschatten festlegen",
        "SET_DROP_SHADOW_Y_POSITION": "Y-Position für Schlagschatten festlegen",
        "SET_DROP_SHADOW_BLUR": "Weichzeichnung für Schlagschatten festlegen",
        "SET_DROP_SHADOW_SPREAD": "Ausbreitung des Schlagschattens festlegen",
        "SET_COLOR_PICKER_FORMAT": "Farbwähler-Format festlegen",
        "SET_COLOR_PICKER_MODE": "Farbwähler-Modus festlegen",
        "SET_COLOR_OVERLAY_COLOR": "Farbüberlagerungsfarbe festlegen",
        "TOGGLE_COLOR_OVERLAY": "Farbüberlagerung ein/aus",
        "DELETE_COLOR_OVERLAY": "Farbüberlagerung löschen",
        "SET_STROKE_EFFECT_COLOR": "Konturfarbe festlegen",
        "SET_STROKE_EFFECT_SIZE": "Konturstärke festlegen",
        "TOGGLE_STROKE_EFFECT": "Kontur ein/aus",
        "DELETE_STROKE_EFFECT": "Kontur löschen",
        "TOGGLE_INNER_SHADOW": "Schatten nach innen ein/aus",
        "DELETE_INNER_SHADOW": "Schatten nach innen löschen",
        "SET_INNER_SHADOW_COLOR": "Farbe für Schatten nach innen festlegen",
        "SET_INNER_SHADOW_PROPS": "Maße für Schatten nach innen festlegen",
        "SET_INNER_SHADOW_X_POSITION": "X-Position für Schatten nach innen festlegen",
        "SET_INNER_SHADOW_Y_POSITION": "Y-Position für Schatten nach innen festlegen",
        "SET_INNER_SHADOW_BLUR": "Weichzeichnung für Schatten nach innen festlegen",
        "SET_INNER_SHADOW_SPREAD": "Ausbreitung des Schattens nach innen festlegen",
        "SECTION_COLLAPSE": ": Zum Reduzieren doppelklicken",
        "SECTION_EXPAND": ": Zum Erweitern doppelklicken",
        "PANEL_COLUMN_COLLAPSE": ": Zum Reduzieren klicken",
        "PANEL_COLUMN_EXPAND": ": Zum Erweitern klicken",
        "LAYERS_LIBRARIES": "Ebenen und Bibliotheken",
        "PROPERTIES": "Eigenschaften",
        "GRID_MODE": "Elemente als Symbole anzeigen",
        "LIST_MODE": "Elemente in einer Liste anzeigen",
        "ADD_GRAPHIC": "Grafik hinzufügen",
        "ADD_CHARACTER_STYLE": "Zeichenformat hinzufügen",
        "ADD_LAYER_STYLE": "Ebenenstil hinzufügen",
        "ADD_FILL_COLOR": "Füllfarbe hinzufügen",
        "ADD_STROKE_COLOR": "Konturfarbe hinzufügen",
        "ADD_TEXT_COLOR": "Textfarbe hinzufügen",
        "SEARCH_ADOBE_STOCK": "Adobe Stock durchsuchen",
        "SYNC_LIBRARIES": "Bibliotheken synchronisieren",
        "LIBRARY_SHARE": "Teilen",
        "LIBRARY_SEND_LINK": "Link senden",
        "LIBRARY_VIEW_ON_WEBSITE": "Auf Website anzeigen",
        "LIBRARY_CLICK_TO_APPLY": "Zum Anwenden klicken",
        "LIBRARY_DELETE": "Löschen",
        "LIBRARY_EDITABLE_GRAPHIC": "Zum Bearbeiten doppelklicken",
        "LIBRARY_NONEDITABLE_GRAPHIC": "Nicht in dieser App bearbeitbar",
        "LIBRARY_EMPTY_GRAPHIC": "Grafik hat keinen Inhalt",
        "EXPORT_EXPORT_ASSETS": "Diese Elemente exportieren",
        "EXPORT_ADD_ASSET": "Exportelement hinzufügen",
        "EXPORT_REMOVE_ASSET": "Elementkonfiguration entfernen",
        "EXPORT_IOS_PRESETS": "3 iOS-Elemente + SVG hinzufügen",
        "EXPORT_HDPI_PRESETS": "6 HDPI-Elemente + SVG hinzufügen",
        "EXPORT_DIALOG": "Exportieren",
        "REFERENCE_POINT_TOOL": "Referenzpunkt festlegen",
        "VECTOR_MASK_MODE": "Maskierungsmodus",
        "SEARCH": "Suchen",
        "TOOLS": {
            "superselectVector": "A – Vektorwerkzeug auswählen",
            "newSelect": "V – Auswahlwerkzeug",
            "rectangle": "R – Rechteck-Werkzeug",
            "ellipse": "E – Ellipse-Werkzeug",
            "pen": "P – Zeichenstift-Werkzeug",
            "typeCreateOrEdit": "T – Textwerkzeug",
            "sampler": "I – Farbaufnahme-Werkzeug"
        }
    },
    "LAYER_KIND": {
        "ANY": "Beliebige Ebene",
        "PIXEL": "Pixelebene",
        "ADJUSTMENT": "Einstellungsebene",
        "TEXT": "Textebene",
        "VECTOR": "Vektorebene",
        "SMARTOBJECT": "Smartobjekt-Ebene",
        "VIDEO": "Videoebene",
        "GROUP": "Ebene gruppieren",
        "3D": "3D-Ebene",
        "GRADIENT": "Verlaufsebene",
        "PATTERN": "Musterebene",
        "SOLIDCOLOR": "Farbflächenebene",
        "BACKGROUND": "Hintergrundebene",
        "GROUPEND": "Gruppenende-Ebene",
        "ARTBOARD": "Zeichenfläche"
    },
    "LAYER_KIND_ALERTS": {
        "LINK_MISSING": "Verknüpftes Objekt fehlt",
        "LINK_CHANGED": "Verknüpftes Objekt aktualisiert"
    },
    "COLOR_PICKER": {
        "FORMAT": "Format",
        "RGB_MODEL": {
            "R": "R",
            "G": "G",
            "B": "B"
        },
        "HSB_MODEL": {
            "H": "H",
            "S": "S",
            "B": "B"
        },
        "MODE": {
            "SOLID": "Durchgehend",
            "GRADIENT": "Verlauf",
            "PATTERN": "Muster"
        },
        "OPACITY": "A"
    },
    "TRANSFORM": {
        "X": "X",
        "Y": "Y",
        "W": "B",
        "H": "H",
        "RADIUS": "Radius",
        "ROTATE": "Drehen",
        "MIXED": "Gemischt"
    },
    "STYLE": {
        "BLEND": {
            "NORMAL": "Normal",
            "DISSOLVE": "Sprenkeln",
            "DARKEN": "Abdunkeln",
            "LIGHTEN": "Aufhellen",
            "SCREEN": "Negativ multiplizieren",
            "OVERLAY": "Ineinanderkopieren",
            "MULTIPLY": "Multiplizieren",
            "COLORBURN": "Farbig nachbelichten",
            "LINEARBURN": "Linear nachbelichten",
            "DARKERCOLOR": "Dunklere Farbe",
            "PASSTHROUGH": "Hindurchwirken",
            "COLORDODGE": "Farbig abwedeln",
            "LINEARDODGE": "Linear abwedeln",
            "LIGHTERCOLOR": "Hellere Farbe",
            "SOFTLIGHT": "Weiches Licht",
            "HARDLIGHT": "Hartes Licht",
            "VIVIDLIGHT": "Strahlendes Licht",
            "LINEARLIGHT": "Lineares Licht",
            "PINLIGHT": "Lichtpunkt",
            "HARDMIX": "Hart mischen",
            "DIFFERENCE": "Differenz",
            "EXCLUSION": "Ausschluss",
            "SUBTRACT": "Subtrahieren",
            "DIVIDE": "Dividieren",
            "HUE": "Farbton",
            "SATURATION": "Sättigung",
            "COLOR": "Farbe",
            "LUMINOSITY": "Luminanz"
        },
        "OPACITY": "Deckkraft",
        "FILL": {
            "TITLE": "Füllen",
            "ALPHA": "Alpha",
            "BLENDING": "Füllmethode"
        },
        "STROKE": {
            "TITLE": "Kontur",
            "ALPHA": "Alpha",
            "SIZE": "Stärke",
            "ALIGNMENT": "Ausrichten",
            "ALIGNMENT_MODES": {
                "INSIDE": "Innen",
                "CENTER": "Zentriert",
                "OUTSIDE": "Außen"
            }
        },
        "DROP_SHADOW": {
            "TITLE": "Schlagschatten",
            "ADD": "Schlagschatten",
            "TITLE_SINGLE": "Schlagschatten",
            "X_POSITION": "X",
            "Y_POSITION": "Y",
            "BLUR": "Wei.",
            "SPREAD": "Überfüllen",
            "MIXED": "Gemischte Darstellung"
        },
        "INNER_SHADOW": {
            "TITLE": "Schatten nach innen",
            "ADD": "Schatten nach innen hinzufügen",
            "TITLE_SINGLE": "Schatten nach innen",
            "X_POSITION": "X",
            "Y_POSITION": "Y",
            "BLUR": "Wei.",
            "SPREAD": "Überfüllen",
            "MIXED": "Gemischte Darstellung"
        },
        "COLOR_OVERLAY": {
            "TITLE": "Farbüberlagerungen",
            "TITLE_SINGLE": "Farbüberlagerung",
            "MIXED": "Gemischte Darstellung"
        },
        "STROKE_EFFECT": {
            "TITLE": "Konturen",
            "TITLE_SINGLE": "Kontur",
            "SIZE": "Stärke",
            "MIXED": "Gemischte Darstellung"
        },
        "UNSUPPORTED_EFFECTS": {
            "TITLE": "Nicht unterstützt",
            "NAMES": {
                "BEVEL_EMBOSS": "Abgeflachte Kante und Relief",
                "SATIN": "Satin",
                "INNER_GLOW": "Schein nach innen",
                "OUTER_GLOW": "Schein nach außen",
                "PATTERN_OVERLAY": "Musterüberlagerung",
                "GRADIENT_OVERLAY": "Verlaufsüberlagerung"
            },
            "MIXED": "Gemischte Darstellung"
        },
        "TYPE": {
            "TITLE": "Typ",
            "TYPEFACE": "Schriftart",
            "WEIGHT": "Stärke",
            "SIZE": "Stärke",
            "LETTER": "US-Letter",
            "LINE": "Linie",
            "ALIGN": "Ausrichten",
            "AUTO_LEADING": "auto",
            "MISSING": "[Fehlende Schriftart]",
            "MIXED": "Mischschriftarten",
            "MIXED_STYLE": "Mischschriftschnitte"
        },
        "VECTOR": {
            "TITLE": "Vektor",
            "COMBINE": "Kombinieren"
        },
        "COPY": "Stil kopieren",
        "PASTE": "Stil einfügen"
    },
    "EXPORT": {
        "EXPORT_LIST_ALL_ARTBOARDS": "Alle Zeichenflächen",
        "EXPORT_LIST_ALL_ASSETS": "Alle Elemente",
        "BUTTON_EXPORT": "Exportieren",
        "BUTTON_CANCEL": "Abbrechen",
        "TITLE_SCALE": "Skalieren",
        "TITLE_SUFFIX": "Suffix",
        "TITLE_SETTINGS": "Einstellungen",
        "EXPORT_DOCUMENT_FILENAME": "Dokument",
        "ONLY_UNSUPPORTED_LAYERS_SELECTED": "Keine unterstützten Ebenen ausgewählt",
        "EXPORT_MIXED": "Auswahl enthält gemischte Exporte",
        "NO_ASSETS": "Keine Exporte konfiguriert",
        "USE_PREFIX": "Präfix verwenden"
    },
    "TEMPLATES": {
        "IPHONE_6_PLUS": "iPhone 6+",
        "IPHONE_6": "iPhone 6",
        "IPHONE_5": "iPhone 5",
        "IPAD_12": "iPad mini",
        "IPAD_34": "iPad Retina",
        "IPAD_PRO": "iPad Pro",
        "ANDROID_1080P": "Android 1080p",
        "MS_SURFACE_PRO_3": "Microsoft Surface Pro 3",
        "APPLE_WATCH_38MM": "Apple Watch 38 mm",
        "APPLE_WATCH_42MM": "Apple Watch 42 mm",
        "WEB_1440_900": "Web",
        "WEB_1920_1080": "Web"
    },
    "SEARCH": {
        "PLACEHOLDER": "Suchen, öffnen und auswählen",
        "PLACEHOLDER_INITIALIZING": "Initialisierung…",
        "PLACEHOLDER_FILTER": "Suchen in:",
        "NO_OPTIONS_STOCK": "Adobe Stock durchsuchen…",
        "NO_OPTIONS": "Keine übereinstimmenden Ergebnisse für Ihre Suche",
        "UNTITLED": "Unbenannt",
        "HEADERS": {
            "ALL_LAYER": "Ebenen",
            "CURRENT_LAYER": "Ebenen",
            "CURRENT_DOC": "Geöffnete Dokumente",
            "RECENT_DOC": "Zuletzt verwendete Dokumente",
            "MENU_COMMAND": "Menübefehle",
            "LIBRARY": "Alle Bibliotheken",
            "FILTER": "Suche beschränken auf…",
            "GLOBAL_SHORTCUT": "Globale Tastaturbefehle"
        },
        "CATEGORIES": {
            "ADOBE_STOCK": "Adobe Stock",
            "CURRENT_DOC": "Geöffnete Dokumente",
            "RECENT_DOC": "Zuletzt verwendete Dokumente",
            "MENU_COMMAND": "Menübefehle",
            "ALL_LAYER": "Ebenen",
            "CURRENT_LAYER": "Ebenen",
            "ARTBOARD": "Zeichenflächen",
            "PIXEL": "Pixelebenen",
            "ADJUSTMENT": "Einstellungsebenen",
            "TEXT": "Textebenen",
            "VECTOR": "Vektorebenen",
            "SMARTOBJECT": "Smartobjekte",
            "GROUP": "Ebenen gruppieren",
            "LIBRARY": "Alle Bibliotheken",
            "GRAPHIC": "Grafiken",
            "LAYERSTYLE": "Ebenenstile",
            "CHARACTERSTYLE": "Zeichenformate",
            "GLOBAL_SHORTCUT": "Globale Tastaturbefehle"
        },
        "MODIFIERS": {
            "COMMAND": "Bfhl",
            "SHIFT": "Umschalttaste",
            "ALT": "Alt",
            "CONTROL": "Strg"
        }
    },
    "KEYCODE": {
        "8": "RÜCKTASTE",
        "9": "Tabulatortaste",
        "13": "Eingabetaste",
        "27": "Esc-Taste",
        "33": "Bild-auf",
        "34": "Bild-ab",
        "35": "Ende",
        "36": "Home",
        "37": "Nach-links-Taste",
        "38": "Nach-oben-Taste",
        "39": "Nach-rechts-Taste",
        "40": "Nach-unten-Taste",
        "45": "Einfg",
        "46": "Löschen",
        "91": "Windows",
        "92": "Windows",
        "93": "Windows-Menü",
        "112": "F1",
        "113": "F2",
        "114": "F3",
        "115": "F4",
        "116": "F5",
        "117": "F6",
        "118": "F7",
        "119": "F8",
        "120": "F9",
        "121": "F10",
        "122": "F11",
        "123": "F12"
    },
    "LIBRARIES": {
        "CREATE_LIBRARY": "Neue Bibliothek erstellen",
        "RENAME_LIBRARY": "Bibliothek umbenennen",
        "DELETE_LIBRARY": "Bibliothek löschen",
        "DELETE_LIBRARY_CONFIRM": "Möchten Sie „%s“ wirklich löschen?",
        "DELETE_SHARED_LIBRARY_CONFIRM": "Ihre Mitarbeiter können nicht mehr auf diese Bibliothek zugreifen, wenn Sie sie löschen. Möchten Sie „%s“ wirklich löschen?",
        "LEAVE_LIBRARY": "Bibliothek verlassen",
        "LEAVE_LIBRARY_CONFIRM": "Möchten Sie „%s“ wirklich verlassen?",
        "DELETE_ASSET": "Element löschen",
        "DELETE_ASSET_CONFIRM": "Möchten Sie „%s“ wirklich löschen?",
        "GRAPHICS": "Grafiken",
        "COLORS": "Farben",
        "COLOR_THEMES": "Farbdesigns",
        "CHAR_STYLES": "Zeichenformate",
        "LAYER_STYLES": "Ebenenstile",
        "BRUSHES": "Pinsel",
        "BRUSHES_UNSUPPORTED": "Pinsel werden nicht in „Design-Bereich“ unterstützt.",
        "BTN_CANCEL": "Abbrechen",
        "BTN_CREATE": "Erstellen",
        "BTN_RENAME": "Umbenennen",
        "BTN_DELETE": "Löschen",
        "BTN_LEAVE": "Verlassen",
        "CLICK_TO_APPLY": "Zum Anwenden klicken",
        "LIBRARY_NAME": "Bibliotheksname",
        "INTRO_TITLE": "Ihre Inhalte. Überall.",
        "INTRO_BODY": "Verwenden Sie Bibliotheken, um Ihre Elemente über Desktopcomputer oder Mobilgeräte zu organisieren, freizugeben und darauf zuzugreifen.",
        "INTRO_LINK_TITLE": "Erfahren Sie, wie Sie Bibliotheken nutzen.",
        "INTRO_URL": "https://helpx.adobe.com/de/creative-cloud/help/libraries.html",
        "NO_CONNECTION": "Um Creative Cloud Libraries zu verwenden, melden Sie sich bei Creative Cloud an.",
        "LEADING": "Zeilenabstand: %s",
        "LEADING_AUTO": "Auto",
        "TRACKING": "Laufweite: %s"
    },
    "ERR": {
        "UNRECOVERABLE": "„Design-Bereich“ hat einen nicht behebbaren Fehler erkannt."
    }
}
