{
    "APPLICATION": {
        "$MENU": "Application",
        "ABOUT_MAC": "A propos de Photoshop…",
        "PREFERENCES": "Préférences…",
        "HIDE_APPLICATION": "Masquer Photoshop",
        "HIDE_OTHER_APPLICATIONS": "Masquer les autres",
        "SHOW_ALL": "Tout afficher",
        "QUIT_APPLICATION_MAC": "Quitter Photoshop"
    },
    "FILE": {
        "$MENU": "Fichier",
        "NEW": "Nouveau",
        "NEW_EXTENDED": "Nouveau…",
        "NEW_FROM_TEMPLATE": {
            "$MENU": "Nouveau à partir d'un modèle",
            "IPHONE_6_PLUS": "iPhone 6+",
            "IPHONE_6": "iPhone 6",
            "IPHONE_5": "iPhone 5",
            "IPAD_12": "iPad Mini",
            "IPAD_34": "iPad Retina",
            "IPAD_PRO": "iPad Pro",
            "ANDROID_1080P": "Android 1080p",
            "MS_SURFACE_PRO": "Microsoft Surface Pro",
            "MS_SURFACE_PRO_3": "Microsoft Surface Pro 3",
            "APPLE_WATCH_38MM": "Apple Watch 38 mm",
            "APPLE_WATCH_42MM": "Apple Watch 42 mm",
            "WEB_1440_900": "Web (1440 × 900)",
            "WEB_1920_1080": "Web (1920 × 1080)"
        },
        "OPEN": "Ouvrir…",
        "OPEN_RECENT": {
            "$MENU": "Ouvrir les fichiers récents"
        },
        "CLOSE": "Fermer",
        "SAVE": "Enregistrer",
        "SAVE_AS": "Enregistrer sous…",
        "EXPORT_UTILITY": "Exporter…",
        "REVERT": "Version précédente",
        "RENAME_DOCUMENT": "Renommer…",
        "GENERATE_ASSETS": "Générer des fichiers…",
        "AUTO_GENERATE_IMAGE_ASSETS": "Générer automatiquement des fichiers",
        "PLACE_EMBEDDED": "Importer et incorporer…",
        "PLACE_LINKED": "Importer et lier…",
        "PACKAGE": "Paquet…",
        "PRINT": "Imprimer…",
        "QUIT_APPLICATION_WIN": "Quitter Photoshop"
    },
    "EDIT": {
        "$MENU": "Edition",
        "UNDO": "Annuler",
        "REDO": "Rétablir",
        "CUT": "Couper",
        "CUT_ATTRIBUTES": "Couper les attributs | Style",
        "COPY": "Copier",
        "COPY_MERGED": "Copier les calques fusionnés",
        "COPY_ATTRIBUTES": "Copier les attributs | Style",
        "COPY_CSS": "Copier les attributs CSS",
        "PASTE": "Coller",
        "PASTE_ATTRIBUTES": "Coller les attributs | Style",
        "DELETE": "Supprimer",
        "CLEAR_ATTRIBUTES": "Effacer les attributs",
        "DUPLICATE": "Dupliquer la sélection",
        "DUPLICATE_WITH_OFFSET": "Dupliquer la sélection avec un décalage",
        "SELECT_ALL": "Tout sélectionner",
        "DESELECT": "Désélectionner",
        "INVERT_SELECTION": "Inverser la sélection",
        "COPY_LAYER_STYLE": "Copier le style de calque",
        "PASTE_LAYER_STYLE": "Coller le style de calque",
        "SEARCH": "Rechercher"
    },
    "LAYER": {
        "$MENU": "Calque",
        "CONVERT_TO_SMART_OBJECT": "Convertir en objet dynamique",
        "FIND_LAYER": "Rechercher un calque...",
        "RENAME_LAYER": "Renommer le calque…",
        "MERGE_LAYERS": "Fusionner les calques",
        "COMBINE": {
            "$MENU": "Associer",
            "COMBINE_UNION": "Union",
            "COMBINE_SUBTRACT": "Soustraction",
            "COMBINE_INTERSECT": "Intersection",
            "COMBINE_DIFFERENCE": "Différence"
        },
        "TRANSFORM": {
            "$MENU": "Transformation",
            "TRANSFORM_SCALE": "Echelle",
            "TRANSFORM_ROTATE": "Rotation",
            "TRANSFORM_ROTATE_180": "Rotation de 180 °",
            "TRANSFORM_ROTATE_LEFT": "Rotation vers la gauche",
            "TRANSFORM_ROTATE_RIGHT": "Rotation vers la droite"
        },
        "CREATE_CLIPPING_MASK": "Créer un masque d'écrêtage",
        "CREATE_ARTBOARD": "Créer un nouveau plan de travail",
        "DUPLICATE": "Dupliquer la sélection",
        "NEW_ARTBOARD_FROM_TEMPLATE": {
            "$MENU": "Nouveau plan de travail",
            "IPHONE_6_PLUS": "iPhone 6+",
            "IPHONE_6": "iPhone 6",
            "IPHONE_5": "iPhone 5",
            "IPAD_12": "iPad Mini",
            "IPAD_34": "iPad Retina",
            "IPAD_PRO": "iPad Pro",
            "ANDROID_1080P": "Android 1080p",
            "MS_SURFACE_PRO": "Microsoft Surface Pro",
            "MS_SURFACE_PRO_3": "Microsoft Surface Pro 3",
            "APPLE_WATCH_38MM": "Apple Watch 38 mm",
            "APPLE_WATCH_42MM": "Apple Watch 42 mm",
            "WEB_1440_900": "Web (1440 × 900)",
            "WEB_1920_1080": "Web (1920 × 1080)"
        },
        "NEW_VECTOR_MASK_FROM_SHAPE": "Créer un masque vectoriel à partir du calque"
    },
    "TYPE": {
        "$MENU": "Texte",
        "ADD_FONTS_FROM_TYPEKIT": "Ajouter des polices depuis Typekit…",
        "BOLD": "Gras",
        "ITALIC": "Italique",
        "UNDERLINE": "Souligné",
        "CHANGE_CASE": {
            "$MENU": "Modifier la casse",
            "LOWERCASE": "minuscules",
            "UPPERCASE": "MAJUSCULES",
            "TITLECASE": "Première lettre des mots en majuscules",
            "SENTENCECASE": "Casse de la phrase"
        },
        "INCREASE_FONT_SIZE": "Augmenter la taille",
        "DECREASE_FONT_SIZE": "Réduire la taille",
        "TEXT_SPACING_TIGHTEN": "Serrer le crénage | Interlettrage",
        "TEXT_SPACING_LOOSEN": "Desserrer le crénage | Interlettrage",
        "LINEHEIGHT_INCREASE": "Augmenter la hauteur de ligne",
        "LINEHEIGHT_DECREASE": "Réduire la hauteur de ligne",
        "ALIGN_TEXT": {
            "$MENU": "Texte aligné",
            "ALIGN_TEXT_LEFT": "Gauche",
            "ALIGN_TEXT_CENTER": "Centrer",
            "ALIGN_TEXT_RIGHT": "Droite",
            "ALIGN_TEXT_JUSTIFY": "Justification"
        },
        "SWASH": "Lettre italique ornée | …",
        "OLD_STYLE": "Style ancien | …",
        "ORNAMENTS": "Ornements | …",
        "ORDINALS": "Ordinaux | …",
        "FRACTIONS": "Fractions | …",
        "STANDARD_LIGATURES": "Ligatures standard | …",
        "DISCRETIONARY_LIGATURES": "Ligatures conditionnelles | …",
        "TITLING_ALTERNATES": "Ligatures de titrage | …",
        "CONTEXTUAL_ALTERNATES": "Variantes contextuelles | …",
        "STYLISTIC_ALTERNATES": "Variantes stylistiques | …",
        "JUSTIFICATION_ALTERNATES": "Variantes de justification | …",
        "CONVERT_TEXT_TO_OUTLINES": "Vectorisation du texte"
    },
    "ARRANGE": {
        "$MENU": "Disposition",
        "BRING_FORWARD": "En avant",
        "BRING_FRONT": "Premier plan",
        "SEND_BACKWARD": "En arrière",
        "SEND_TO_BACK": "Arrière-plan",
        "LAYOUT_MAKE_GRID_OF_OBJECTS": "Créer une grille d'objets...",
        "LAYOUT_DIVIDE": "Diviser…",
        "LAYOUT_INSET": "Recouvrement par le coin…",
        "DISTRIBUTE": {
            "$MENU": "Distribution des objets",
            "DISTRIBUTE_HORIZONTAL": "Horizontalement",
            "DISTRIBUTE_VERTICAL": "Verticalement",
            "DISTRIBUTE_EVENLY": "Equitablement"
        },
        "ALIGN": {
            "$MENU": "Alignement d'objets",
            "ALIGN_LEFT": "Gauche",
            "ALIGN_CENTER": "Centrer",
            "ALIGN_RIGHT": "Droite",
            "ALIGN_TOP": "Haut",
            "ALIGN_MIDDLE": "Milieu",
            "ALIGN_BOTTOM": "Bas"
        },
        "FLIP_HORIZONTAL": "Symétrie axe horizontal",
        "FLIP_VERTICAL": "Symétrie axe vertical",
        "SWAP_POSITION": "Permuter la position",
        "LOCK_LAYER": "Verrouiller",
        "UNLOCK_LAYER": "Déverrouiller",
        "SHOW_LAYER": "Afficher",
        "HIDE_LAYER": "Masquer",
        "GROUP_LAYERS": "Grouper",
        "UNGROUP_LAYERS": "Dissocier",
        "BRING_TO_FRONT": "Premier plan"
    },
    "VIEW": {
        "$MENU": "Affichage",
        "ZOOM_IN": "Zoom avant",
        "ZOOM_OUT": "Zoom arrière",
        "FIT_TO_WINDOW": "Ajuster à la fenêtre",
        "ACTUAL_SIZE": "Taille réelle",
        "ZOOM_TO_SELECTION": "Zoom sur la sélection",
        "CENTER_SELECTION": "Sélection centrale",
        "FULLSCREEN_MENUBAR": " Plein écran avec barre de menus",
        "FULLSCREEN": "Plein écran",
        "PRESENTATION": "Présentation",
        "TOGGLE_EXTRAS": "Afficher | Masquer les extras",
        "TOGGLE_RULERS": "Afficher | Masquer les règles",
        "TOGGLE_SMART_GUIDES": "Afficher les repères commentés",
        "TOGGLE_GUIDES": "Afficher les repères",
        "CLEAR_GUIDES": "Effacer les repères"
    },
    "WINDOW": {
        "$MENU": "Fenêtre",
        "MINIMIZE": "Réduire",
        "BRING_ALL_TO_FRONT": "Tout au premier plan",
        "NEXT_DOCUMENT": "Document suivant",
        "TOGGLE_TOOLBAR": "Barre d'outils de coin",
        "TOGGLE_SINGLE_COLUMN_MODE": "Mode 1 colonne",
        "COLOR_THEME": {
            "$MENU": "Thème de couleur",
            "ORIGINAL": "Original",
            "LIGHT": "Clair",
            "MEDIUM": "Moyen",
            "DARK": "Foncée"
        },
        "PREVIOUS_DOCUMENT": "Document précédent",
        "RETURN_TO_STANDARD": "Retourner dans Photoshop standard",
        "OPEN_DOCUMENT": "Ouvrir un document",
        "OPEN_DOCUMENT_ONE": "Nom du document 1",
        "OPEN_DOCUMENT_TWO": "Nom du document 2",
        "OPEN_DOCUMENT_THREE": "…etc..."
    },
    "DEBUG": {
        "$MENU": "Déboguer",
        "RUN_TESTS": "Exécution des tests...",
        "ACTION_FAILURE": "Echec de l'action test...",
        "TRANSFER_FAILURE": "Echec du transfert de test…",
        "RESET_FAILURE": "Echec de la réinitialisation test...",
        "CORRUPT_MODEL": "Corruption du modèle test...",
        "LAYER_PANEL_PERFORMANCE_TEST": "Tester la performance du panneau Calque",
        "UPDATE_CURRENT_DOCUMENT": "Mise à jour du document actuel",
        "RESET_RECESS": "Réinitialiser l'espace de conception",
        "LOAD_DEBUGGING_HELPERS": "Télécharger les assistants de débogage",
        "TOGGLE_POLICY_FRAMES": "Afficher les cadres de politique",
        "TOGGLE_POSTCONDITIONS": "Vérifier les postconditions",
        "TOGGLE_ACTION_LOGGING": "Actions de journal",
        "TOGGLE_ACTION_TRANSFER_LOGGING": "Transferts d'action du journal",
        "TOGGLE_DESCRIPTOR_LOGGING": "Evénements de descripteur de journal",
        "TOGGLE_HEADLIGHTS_LOGGING": "Evénements de titres de journal"
    },
    "HELP": {
        "$MENU": "Aide",
        "ABOUT_WIN": "A propos de Photoshop…",
        "OPEN_FIRST_LAUNCH": "Introduction à l'espace de conception",
        "SHORTCUTS": "Raccourcis clavier",
        "TWITTER": "L'espace de conception sur Twitter",
        "HELPX": "Aide de l'espace de conception",
        "FORUM": "Forum de l'espace de conception"
    }
}
