{
    "MENU": {
        "FILE": {
            "NEW": "n",
            "NEW_EXTENDED": "n",
            "OPEN": "o",
            "CLOSE": "w",
            "SAVE": "s",
            "SAVE_AS": "s",
            "REVERT": "KEY_F12",
            "EXPORT_UTILITY": "e",
            "PLACE_EMBEDDED": "p",
            "PLACE_LINKED": "p",
            "PRINT": "p",
            "QUIT_APPLICATION_WIN": "q"
        },
        "EDIT": {
            "UNDO": "z",
            "REDO": "z",
            "CUT": "x",
            "COPY": "c",
            "PASTE": "v",
            "SELECT_ALL": "a",
            "DESELECT": "a",
            "COPY_LAYER_STYLE": "c",
            "PASTE_LAYER_STYLE": "v",
            "SEARCH": "f"
        },
        "LAYER": {
            "CREATE_ARTBOARD": "b",
            "DUPLICATE": "j",
            "NEW_VECTOR_MASK_FROM_SHAPE": "m"
        },
        "ARRANGE": {
            "FLIP_HORIZONTAL": "/",
            "FLIP_VERTICAL": "/",
            "SWAP_POSITION": "/",
            "SHOW_LAYER": ",",
            "HIDE_LAYER": ",",
            "LOCK_LAYER": "l",
            "UNLOCK_LAYER": "l",
            "GROUP_LAYERS": "g",
            "UNGROUP_LAYERS": "g",
            "BRING_TO_FRONT": "]",
            "BRING_FORWARD": "]",
            "SEND_BACKWARD": "[",
            "SEND_TO_BACK": "["
        },
        "VIEW": {
            "ZOOM_IN": "+",
            "ZOOM_OUT": "-",
            "FIT_TO_WINDOW": "0",
            "ACTUAL_SIZE": "1",
            "ZOOM_TO_SELECTION": "2",
            "CENTER_SELECTION": "3",
            "TOGGLE_SMART_GUIDES": ",",
            "TOGGLE_GUIDES": ","
        },
        "WINDOW": {
            "NEXT_DOCUMENT": "`",
            "RETURN_TO_STANDARD": "`",
            "MINIMIZE": "m"
        },
        "DEBUG": {
            "RUN_TESTS": "?",
            "UPDATE_CURRENT_DOCUMENT": ",",
            "RESET_RECESS": "'"
        }
    },
    "GLOBAL": {
        "TOOLS": {
            "SELECT": "v",
            "RECTANGLE": "r",
            "SHAPE": "u",
            "ELLIPSE": "e",
            "PEN": "p",
            "TYPE": "t",
            "SAMPLER": "i",
            "MASK_SELECT": "m",
            "VECTOR_SELECT": "a"
        }
    }
}
