{
    "ACTIONS": {
        "ADD_STROKE": "Ajouter un contour",
        "ADD_FILL": "Ajouter un fond",
        "ADD_VECTOR_MASK": "Ajouter un masque vectoriel",
        "APPLY_LIBRARY_COLOR": "Appliquer la couleur de la bibliothèque",
        "CREATE_ARTBOARD": "Créer un plan de travail",
        "SET_STROKE_COLOR": "Définir la couleur du contour",
        "SET_STROKE": "Définir le contour",
        "SET_STROKE_OPACITY": "Définir l'opacité du contour",
        "SET_STROKE_WIDTH": "Définir la largeur du contour",
        "SET_STROKE_ALIGNMENT": "Définir l'alignement du contour",
        "SET_FILL_COLOR": "Définir la couleur de fond",
        "SET_FILL_OPACITY": "Définir l'opacité du fond",
        "DELETE_LAYERS": "Supprimer les calques",
        "DELETE_VECTOR_MASK": "Supprimer le masque vectoriel",
        "CHANGE_LAYER_OPACITY": "Modifier l'opacité du calque",
        "SET_BLEND_MODE": "Définir le mode de fusion",
        "FLIP_LAYERS": "Inverser les calques",
        "ALIGN_LAYERS": "Aligner les calques",
        "DISTRIBUTE_LAYERS": "Répartir les calques",
        "SET_RADIUS": "Définir le rayon",
        "ROTATE_LAYERS": "Rotation des calques",
        "DUPLICATE_LAYERS": "Dupliquer les calques",
        "LOCK_LAYER": "Verrouiller le calque",
        "UNLOCK_LAYER": "Déverrouiller le calque",
        "SET_LAYER_EFFECTS": "Définir les effets de calque",
        "SET_LAYER_POSITION": "Définir la position",
        "SET_LAYER_SIZE": "Définir la taille",
        "NUDGE_LAYERS": "Décaler les calques",
        "SWAP_LAYERS": "Permuter les calques",
        "COMBINE_SHAPES": "Associer des formes",
        "PASTE_LAYER_STYLE": "Coller le style de calque",
        "RENAME_LAYER": "Renommer le calque",
        "SAMPLE_GRAPHICS": "Exemple de graphique",
        "SAMPLE_COLOR": "Couleur d'échantillon",
        "SAMPLE_STROKE": "Contour d'échantillon",
        "SET_PROPORTIONAL_SCALE": "Définir la mise à l'échelle proportionnelle",
        "SET_TYPE_FACE": "Définir la police",
        "SET_TYPE_COLOR": "Définir la couleur du texte",
        "SET_TYPE_SIZE": "Définir le corps du texte",
        "SET_TYPE_LEADING": "Définir l'interligne du texte",
        "SET_TYPE_TRACKING": "Définir l'approche du texte",
        "SET_TYPE_ALIGNMENT": "Définir l'alignement du texte",
        "GROUP_LAYERS": "Associer les calques",
        "UNGROUP_LAYERS": "Dissocier les calques",
        "REORDER_LAYERS": "Réorganiser les calques",
        "MODIFY_EXPORT_ASSETS": "Configurations d'exportation de fichier mises à jour",
        "APPLY_TEXT_STYLE": "Appliquer le style de texte",
        "APPLY_LAYER_STYLE": "Appliquer le style de calque",
        "CREATE_LAYER_FROM_ELEMENT": "Créer un calque à partir d'une image",
        "NEW_VECTOR_MASK_FROM_SHAPE": "Créer un masque vectoriel à partir du calque de forme"
    },
    "APP_NAME": "Photoshop",
    "GO_URL": {
        "EXPERIENCE_DESIGN": "http://www.adobe.com/go/experience-design_fr",
        "DESIGNSPACE_HELP": "http://www.adobe.com/go/designspace-help_fr"
    },
    "FIRST_LAUNCH": {
        "CONTINUE": "Continuer",
        "GET_STARTED": "Prise en main",
        "SLIDES": {
            "0": {
                "TITLE": "destination",
                "HEADLINE": "Bienvenue dans Design Space",
                "SUBHEAD": "",
                "BODY_FIRST": "Design Space (qui est pour l'instant un Aperçu) est une application qui s'utilise conjointement avec Photoshop pour les concepteurs Web et les concepteurs d'applications.",
                "BODY_SECOND": "Nous utilisons le code HTML et Javascript afin de créer de nouvelles interactions personnalisées adaptées à vos flux de production. Il s'agit d'une version préliminaire destinée à obtenir vos commentaires. Faites-nous part de votre opinion."
            },
            "1": {
                "TITLE": "Ensemble d'outils",
                "HEADLINE": "Ensemble d'outils réduit et panneau de propriétés contextuel."
            },
            "2": {
                "TITLE": "Rechercher",
                "HEADLINE_FIRST": "Recherchez des calques, ouvrez des documents, importez des ressources de la bibliothèque, et plus encore.",
                "HEADLINE_SECOND": "Utilisez Commande+F sous Mac ou Ctrl+F sous Windows."
            },
            "3": {
                "TITLE": "Echantillonnage",
                "HEADLINE_FIRST": "Echantillonnez les couleurs et les effets d'un simple clic ou en utilisant Maj+clic.",
                "HEADLINE_SECOND": "Echantillonnez tout le reste, même les graphiques, avec la barre d'espace."
            },
            "4": {
                "TITLE": "Plans de travail",
                "HEADLINE": "Créez plusieurs plans de travail pour un flux de travaux plus visuel."
            },
            "5": {
                "TITLE": "Permuter",
                "HEADLINE": "Echangez le contenu et les positions des calques et des plans de travail en un seul clic."
            },
            "6": {
                "TITLE": "Changement",
                "HEADLINE": "Passez aisément à la version standard de Photoshop pour accéder aux fonctionnalités avancées des photos."
            },
            "7": {
                "TITLE": "Contact",
                "HEADLINE": "Espace de conception",
                "BODY_FIRST": "Twitter",
                "BODY_SECOND": "GitHub",
                "BODY_THIRD": "Forum",
                "BODY_ADVERTISEMENT_1": "Vous avez l'air de quelqu'un qui s'intéresse aux versions bêta. Nous avons travaillé dur pour concevoir une nouvelle solution de bout en bout pour les designers UX (user experience, expérience utilisateur), parfaitement intégrable à Photoshop. Nous avons le plaisir de vous annoncer qu'une version bêta publique d'{ADOBE_XD} est désormais disponible.",
                "BODY_ADVERTISEMENT_2": "Téléchargez la version bêta et essayez-la !",
                "ADOBE_XD": "Adobe Experience Design CC"
            }
        }
    },
    "KEYBOARD_SHORTCUTS": {
        "TOOLS_TITLE": "Outils",
        "MORE_TITLE": "Plus",
        "SELECT_TITLE": "Outil Sélection",
        "TOOLS": {
            "SELECT": "Sélectionner",
            "RECTANGLE": "Rectangle",
            "ELLIPSE": "Ellipse",
            "PEN": "Plume",
            "TYPE": "Texte",
            "SAMPLER": "Echantillonnage",
            "SAMPLER_EFFECTS": "Echantillonner les effets",
            "SAMPLER_INSTRUCTION_EFFECTS": "Maj+clic",
            "SAMPLER_HUD": "Echantillonner le HUD d'options",
            "SAMPLER_INSTRUCTION_HUD": "Barre d'espace",
            "SEARCH": "Rechercher",
            "SEARCH_INSTRUCTION_MAC": "Cmd + F",
            "SEARCH_INSTRUCTION_WIN": "Ctrl + F",
            "EXPORT": "Exportation",
            "EXPORT_INSTRUCTION_MAC": "Cmd+E",
            "EXPORT_INSTRUCTION_WIN": "Ctrl+E",
            "MASKMODE": "Mode Masque"
        },
        "SELECT_TOOL": {
            "TARGET": "Cibler groupe imbriqué/calq.",
            "TARGET_INSTRUCTION": "Double-cliquez dans zone de travail",
            "EDIT_PATH": "Modifier le tracé/texte",
            "EDIT_PATH_INSTRUCTION": "Double-cliquez sur l'objet vectoriel/le texte.",
            "EDIT_SMART": "Modif./Ouvrir dans l'app. définie",
            "EDIT_SMART_INSTRUCTION": "Double-cliquez sur objet dynam.",
            "BACK_OUT": "Sortir de l'arborescence",
            "BACK_OUT_INSTRUCTION": "Esc",
            "HOLD_SELECTION": "Conserver la sélection supérieure dans les calques",
            "HOLD_SEL_MAC": "Option + Echap",
            "HOLD_SEL_WIN": "Maj + Echap",
            "TARGET_LAYER": "Cibler un calque spécifique",
            "TARGET_LAYER_MAC": "Cmd + clic",
            "TARGET_LAYER_WIN": "Ctrl + clic"
        }
    },
    "TITLE_PAGES": "Calques",
    "TITLE_STYLE": "Style",
    "TITLE_EFFECTS": "Effets",
    "TITLE_APPEARANCE": "Aspect",
    "TITLE_EXPORT": "Exportation",
    "TITLE_LIBRARIES": "Bibliothèques",
    "NO_DOC": {
        "RECENT_FILES_TITLE": "Fichiers récents",
        "ARTBOARD_PRESETS_TITLE": "Modèles"
    },
    "TITLE_TRANSFORM": "Transformation",
    "TOOLS": {
        "NAMES": {
            "DIRECT_SELECTION_TOOL": "Outil Sélection directe",
            "VECTOR_MASK_MODE": "Mode Masque vectoriel",
            "ELLIPSE": "Outil Ellipse",
            "PEN": "Outil Plume",
            "SUPER_SELECT_TYPE": "Supersélection-Type",
            "RECTANGLE": "Outil Rectangle",
            "EYEDROPPER": "Outil Echantillonnage",
            "SELECT": "Outil Sélection",
            "TYPE": "Outil Texte"
        }
    },
    "TOOLTIPS": {
        "SELECT_NEXT_DOCUMENT": "Sélectionner le document suivant",
        "SELECT_PREVIOUS_DOCUMENT": "Sélectionner le document précédent",
        "UNSUPPORTED_FEATURES": "Un document comporte des fonctionnalités non prises en charge et est en lecture seule",
        "DISTRIBUTE_HORIZONTALLY": "Répartir sur le centre dans le sens horizontal",
        "DISTRIBUTE_VERTICALLY": "Répartir sur le centre dans le sens vertical",
        "ALIGN_LEFT": "Aligner les bords gauches",
        "ALIGN_CENTER": "Aligner le centre dans le sens horizontal",
        "ALIGN_RIGHT": "Aligner les bords droits",
        "ALIGN_TOP": "Aligner les bords supérieurs",
        "ALIGN_MIDDLE": "Aligner le centre dans le sens vertical",
        "ALIGN_BOTTOM": "Aligner les bords inférieurs",
        "SET_X_POSITION": "Définir la position X",
        "SET_Y_POSITION": "Définir la position Y",
        "SET_WIDTH": "Définir la largeur",
        "LOCK_PROPORTIONAL_TRANSFORM": "Verrouiller proportionnellement la largeur et la hauteur",
        "SET_HEIGHT": "Définir la hauteur",
        "SET_ROTATION": "Définir la rotation",
        "FLIP_HORIZONTAL": "Symétrie axe horizontal",
        "FLIP_VERTICAL": "Symétrie axe vertical",
        "SWAP_POSITION": "Permuter la position",
        "SET_RADIUS": "Définir le rayon de la bordure",
        "SET_RADIUS_SLIDER": "Ajuster le curseur pour définir le rayon ",
        "SET_OPACITY": "Définir l'opacité",
        "VECTOR_SETTINGS": "Afficher les paramètres vectoriels",
        "SET_COMBINATION": "Définir une combinaison de formes",
        "UNITE_SHAPE": "Regrouper la forme",
        "SUBTRACT_SHAPE": "Soustraire la forme",
        "INTERSECT_SHAPE": "Intersection des formes",
        "DIFFERENCE_SHAPE": "Forme de différence",
        "SHOW_LOREM_IPSUM": "Afficher Lorem Ipsum",
        "SHOW_GLYPHS": "Afficher les glyphes",
        "TYPE_SETTINGS": "Afficher les paramètres de texte",
        "SET_TYPEFACE": "Définir le type de caractère",
        "SET_WEIGHT": "Définir le poids",
        "SET_TYPE_COLOR": "Définir la couleur du texte",
        "SET_TYPE_SIZE": "Définir la taille du texte",
        "SET_LETTER_SPACING": "Définir l'interlettrage",
        "SET_LINE_SPACING": "Définir l'interligne",
        "SET_TYPE_ALIGNMENT": "Définir l'alignement du texte",
        "ALIGN_TYPE_LEFT": "Aligner le texte à gauche",
        "ALIGN_TYPE_CENTER": "Centrer le texte",
        "ALIGN_TYPE_RIGHT": "Aligner le texte à droite",
        "ALIGN_TYPE_JUSTIFIED": "Justifier le texte",
        "SET_STROKE_COLOR": "Définir la couleur du contour",
        "SET_STROKE_OPACITY": "Définir l'opacité du contour",
        "SET_STROKE_SIZE": "Définir la taille du contour",
        "SET_STROKE_ALIGNMENT": "Définir l'alignement du contour",
        "TOGGLE_STROKE": "Activer/désactiver le contour",
        "SET_FILL_COLOR": "Définir la couleur de fond",
        "SET_TYPE_FILL_COLOR": "Définir la couleur",
        "SET_FILL_OPACITY": "Définir l'opacité du fond",
        "SET_FILL_BLENDING": "Définir la fusion du fond",
        "TOGGLE_FILL": "Activer/Désactiver le fond",
        "SET_LAYER_VISIBILITY": "Définir la visibilité des calques",
        "LOCK_LAYER": "Verrouiller le calque",
        "LAYER_COUNT": "Calques sélectionnés sur le total des calques",
        "ADD_EFFECT": "Ajouter un effet de calque",
        "TOGGLE_DROP_SHADOW": "Activer/Désactiver l'ombre portée",
        "DELETE_DROP_SHADOW": "Supprimer l'ombre portée",
        "DELETE_LAYER_EFFECT": "Supprimer %s",
        "TOGGLE_LAYER_EFFECT": "Activer/désactiver%s  ",
        "SET_DROP_SHADOW_COLOR": "Définir la couleur de l'ombre portée",
        "SET_DROP_SHADOW_PROPS": "Définir les dimensions de l'ombre portée",
        "SET_DROP_SHADOW_X_POSITION": "Définir la position X de l'ombre portée",
        "SET_DROP_SHADOW_Y_POSITION": "Définir la position Y de l'ombre portée",
        "SET_DROP_SHADOW_BLUR": "Définir le flou de l'ombre portée",
        "SET_DROP_SHADOW_SPREAD": "Définir l'étendue de l'ombre portée",
        "SET_COLOR_PICKER_FORMAT": "Définir le format du sélecteur de couleurs",
        "SET_COLOR_PICKER_MODE": "Définir le mode du sélecteur de couleurs",
        "SET_COLOR_OVERLAY_COLOR": "Définir la couleur de l'incrustation couleur",
        "TOGGLE_COLOR_OVERLAY": "Activer/désactiver l'incrustation couleur",
        "DELETE_COLOR_OVERLAY": "Supprimer l'incrustation couleur",
        "SET_STROKE_EFFECT_COLOR": "Définir la couleur du contour",
        "SET_STROKE_EFFECT_SIZE": "Définir la taille du contour",
        "TOGGLE_STROKE_EFFECT": "Activer/désactiver le contour",
        "DELETE_STROKE_EFFECT": "Supprimer le contour",
        "TOGGLE_INNER_SHADOW": "Activer/Désactiver l'ombre interne",
        "DELETE_INNER_SHADOW": "Supprimer l'ombre interne",
        "SET_INNER_SHADOW_COLOR": "Définir la couleur de l'ombre interne",
        "SET_INNER_SHADOW_PROPS": "Définir les dimensions de l'ombre interne",
        "SET_INNER_SHADOW_X_POSITION": "Définir la position X de l'ombre interne",
        "SET_INNER_SHADOW_Y_POSITION": "Définir la position Y de l'ombre interne",
        "SET_INNER_SHADOW_BLUR": "Définir le flou de l'ombre interne",
        "SET_INNER_SHADOW_SPREAD": "Définir l'étendue de l'ombre interne",
        "SECTION_COLLAPSE": " : double-cliquez pour réduire.",
        "SECTION_EXPAND": " : double-cliquez pour développer.",
        "PANEL_COLUMN_COLLAPSE": " : cliquez pour réduire",
        "PANEL_COLUMN_EXPAND": " : cliquez pour développer.",
        "LAYERS_LIBRARIES": "Calques et bibliothèques",
        "PROPERTIES": "Propriétés",
        "GRID_MODE": "Afficher les éléments sous forme d'icônes",
        "LIST_MODE": "Affichage des éléments dans une liste",
        "ADD_GRAPHIC": "Ajouter un graphique",
        "ADD_CHARACTER_STYLE": "Ajouter un style de caractère",
        "ADD_LAYER_STYLE": "Ajouter un style de calque",
        "ADD_FILL_COLOR": "Ajouter une couleur de fond",
        "ADD_STROKE_COLOR": "Ajouter une couleur au contour",
        "ADD_TEXT_COLOR": "Ajouter une couleur de texte",
        "SEARCH_ADOBE_STOCK": "Rechercher dans Adobe Stock",
        "SYNC_LIBRARIES": "Synchroniser les bibliothèques",
        "LIBRARY_SHARE": "Partager",
        "LIBRARY_SEND_LINK": "Envoyer le lien",
        "LIBRARY_VIEW_ON_WEBSITE": "Afficher sur le site web",
        "LIBRARY_CLICK_TO_APPLY": "Cliquez pour appliquer.",
        "LIBRARY_DELETE": "Supprimer",
        "LIBRARY_EDITABLE_GRAPHIC": "Cliquez deux fois pour modifier",
        "LIBRARY_NONEDITABLE_GRAPHIC": "Non modifiable dans cette application",
        "LIBRARY_EMPTY_GRAPHIC": "L'image ne contient aucun contenu",
        "EXPORT_EXPORT_ASSETS": "Exporter ces fichiers",
        "EXPORT_ADD_ASSET": "Ajouter un fichier exporté",
        "EXPORT_REMOVE_ASSET": "Supprimer la configuration d'un fichier",
        "EXPORT_IOS_PRESETS": "Ajouter 3 fichiers iOS + SVG",
        "EXPORT_HDPI_PRESETS": "Ajouter 6 fichiers HDPI + SVG",
        "EXPORT_DIALOG": "Exportation",
        "REFERENCE_POINT_TOOL": "Définir le point de référence",
        "VECTOR_MASK_MODE": "Mode Masque",
        "SEARCH": "Rechercher",
        "TOOLS": {
            "superselectVector": "A - Sélectionner l'outil vectoriel",
            "newSelect": "V - Outil Sélection",
            "rectangle": "R - Outil Rectangle",
            "ellipse": "E - Outil Ellipse",
            "pen": "P - Outil Plume",
            "typeCreateOrEdit": "T - Outil Texte",
            "sampler": "I - Outil Echantillonnage"
        }
    },
    "LAYER_KIND": {
        "ANY": "Tout calque",
        "PIXEL": "Calque de pixels",
        "ADJUSTMENT": "Calque de réglage",
        "TEXT": "Calque de texte",
        "VECTOR": "Calque vectoriel",
        "SMARTOBJECT": "Calque d'objet dynamique",
        "VIDEO": "Calque vidéo",
        "GROUP": "Fusionner le calque",
        "3D": "Calque 3D",
        "GRADIENT": "Calque graduel",
        "PATTERN": "Calque de motif",
        "SOLIDCOLOR": "Calque de couleur unie",
        "BACKGROUND": "Calque d'arrière-plan",
        "GROUPEND": "Dissocier le calque",
        "ARTBOARD": "Plan de travail"
    },
    "LAYER_KIND_ALERTS": {
        "LINK_MISSING": "Objet lié manquant",
        "LINK_CHANGED": "Objet lié mis à jour"
    },
    "COLOR_PICKER": {
        "FORMAT": "Format",
        "RGB_MODEL": {
            "R": "R",
            "G": "G",
            "B": "B"
        },
        "HSB_MODEL": {
            "H": "H",
            "S": "S",
            "B": "B"
        },
        "MODE": {
            "SOLID": "Uniforme",
            "GRADIENT": "Dégradé",
            "PATTERN": "Motif"
        },
        "OPACITY": "A"
    },
    "TRANSFORM": {
        "X": "X",
        "Y": "Y",
        "W": "L",
        "H": "H",
        "RADIUS": "Rayon",
        "ROTATE": "Rotation",
        "MIXED": "Mixte"
    },
    "STYLE": {
        "BLEND": {
            "NORMAL": "Normal",
            "DISSOLVE": "Fondu",
            "DARKEN": "Obscurcir",
            "LIGHTEN": "Eclaircir",
            "SCREEN": "Ecran",
            "OVERLAY": "Incrustation",
            "MULTIPLY": "Produit",
            "COLORBURN": "Densité couleur +",
            "LINEARBURN": "Densité linéaire +",
            "DARKERCOLOR": "Couleur plus foncée",
            "PASSTHROUGH": "Transfert",
            "COLORDODGE": "Densité couleur -",
            "LINEARDODGE": "Densité linéaire",
            "LIGHTERCOLOR": "Couleur plus claire",
            "SOFTLIGHT": "Lumière tamisée",
            "HARDLIGHT": "Lumière crue",
            "VIVIDLIGHT": "Lumière vive",
            "LINEARLIGHT": "Lumière linéaire",
            "PINLIGHT": "Lumière ponctuelle",
            "HARDMIX": "Mélange maximal",
            "DIFFERENCE": "Différence",
            "EXCLUSION": "Exclusion",
            "SUBTRACT": "Soustraction",
            "DIVIDE": "Diviser",
            "HUE": "Teinte",
            "SATURATION": "Saturation",
            "COLOR": "Couleur",
            "LUMINOSITY": "Luminosité"
        },
        "OPACITY": "Opacité",
        "FILL": {
            "TITLE": "Remplir",
            "ALPHA": "Alpha",
            "BLENDING": "Fusion"
        },
        "STROKE": {
            "TITLE": "Contour",
            "ALPHA": "Alpha",
            "SIZE": "Taille",
            "ALIGNMENT": "Aligner",
            "ALIGNMENT_MODES": {
                "INSIDE": "Intérieur",
                "CENTER": "Centrer",
                "OUTSIDE": "Extérieur"
            }
        },
        "DROP_SHADOW": {
            "TITLE": "Ombres portées",
            "ADD": "Ombre portée",
            "TITLE_SINGLE": "Ombre portée",
            "X_POSITION": "X",
            "Y_POSITION": "Y",
            "BLUR": "Flou",
            "SPREAD": "Grossi",
            "MIXED": "Aspects mixtes"
        },
        "INNER_SHADOW": {
            "TITLE": "Ombres internes",
            "ADD": "Ajouter une ombre interne",
            "TITLE_SINGLE": "Ombre interne",
            "X_POSITION": "X",
            "Y_POSITION": "Y",
            "BLUR": "Flou",
            "SPREAD": "Grossi",
            "MIXED": "Aspects mixtes"
        },
        "COLOR_OVERLAY": {
            "TITLE": "Incrustations couleur",
            "TITLE_SINGLE": "Incrustation couleur",
            "MIXED": "Aspects mixtes"
        },
        "STROKE_EFFECT": {
            "TITLE": "Contours",
            "TITLE_SINGLE": "Contour",
            "SIZE": "Taille",
            "MIXED": "Aspects mixtes"
        },
        "UNSUPPORTED_EFFECTS": {
            "TITLE": "Non pris en charge",
            "NAMES": {
                "BEVEL_EMBOSS": "Biseautage & estampage",
                "SATIN": "Satin",
                "INNER_GLOW": "Lueur interne",
                "OUTER_GLOW": "Lueur externe",
                "PATTERN_OVERLAY": "Incrustation de motif",
                "GRADIENT_OVERLAY": "Incrustation en dégradé"
            },
            "MIXED": "Aspects mixtes"
        },
        "TYPE": {
            "TITLE": "Texte",
            "TYPEFACE": "Type de caractère",
            "WEIGHT": "Epaisseur",
            "SIZE": "Taille",
            "LETTER": "Lettre",
            "LINE": "Trait",
            "ALIGN": "Aligner",
            "AUTO_LEADING": "automatique",
            "MISSING": "[Police manquante]",
            "MIXED": "Polices mixtes",
            "MIXED_STYLE": "Styles de police mixtes"
        },
        "VECTOR": {
            "TITLE": "Vecteur",
            "COMBINE": "Associer"
        },
        "COPY": "Copier le style",
        "PASTE": "Coller un style"
    },
    "EXPORT": {
        "EXPORT_LIST_ALL_ARTBOARDS": "Tous les plans de travail",
        "EXPORT_LIST_ALL_ASSETS": "Tous les fichiers",
        "BUTTON_EXPORT": "Exportation",
        "BUTTON_CANCEL": "Annuler",
        "TITLE_SCALE": "Echelle",
        "TITLE_SUFFIX": "Suffixe ",
        "TITLE_SETTINGS": "Settings",
        "EXPORT_DOCUMENT_FILENAME": "document",
        "ONLY_UNSUPPORTED_LAYERS_SELECTED": "Aucun calque pris en charge sélectionné",
        "EXPORT_MIXED": "La sélection se compose d'exportations mixtes",
        "NO_ASSETS": "Aucune exportation configurée",
        "USE_PREFIX": "Utiliser un préfixe"
    },
    "TEMPLATES": {
        "IPHONE_6_PLUS": "iPhone 6+",
        "IPHONE_6": "iPhone 6",
        "IPHONE_5": "iPhone 5",
        "IPAD_12": "iPad Mini",
        "IPAD_34": "iPad Retina",
        "IPAD_PRO": "iPad Pro",
        "ANDROID_1080P": "Android 1080p",
        "MS_SURFACE_PRO_3": "Microsoft Surface Pro 3",
        "APPLE_WATCH_38MM": "Apple Watch 38 mm",
        "APPLE_WATCH_42MM": "Apple Watch 42 mm",
        "WEB_1440_900": "Web",
        "WEB_1920_1080": "Web"
    },
    "SEARCH": {
        "PLACEHOLDER": "Rechercher, ouvrir et sélectionner",
        "PLACEHOLDER_INITIALIZING": "Initialisation…",
        "PLACEHOLDER_FILTER": "Rechercher",
        "NO_OPTIONS_STOCK": "Rechercher dans Adobe Stock...",
        "NO_OPTIONS": "Votre recherche n'a renvoyé aucun résultat",
        "UNTITLED": "Sans titre",
        "HEADERS": {
            "ALL_LAYER": "Calques",
            "CURRENT_LAYER": "Calques",
            "CURRENT_DOC": "Documents ouverts",
            "RECENT_DOC": "Documents récents",
            "MENU_COMMAND": "Commandes de menu",
            "LIBRARY": "Toutes les bibliothèques",
            "FILTER": "Limiter la recherche à…",
            "GLOBAL_SHORTCUT": "Raccourcis globaux"
        },
        "CATEGORIES": {
            "ADOBE_STOCK": "Adobe Stock",
            "CURRENT_DOC": "Documents ouverts",
            "RECENT_DOC": "Documents récents",
            "MENU_COMMAND": "Commandes de menu",
            "ALL_LAYER": "Calques",
            "CURRENT_LAYER": "Calques",
            "ARTBOARD": "Plans de travail",
            "PIXEL": "Calques de pixels",
            "ADJUSTMENT": "Calques de réglage",
            "TEXT": "Calques de texte",
            "VECTOR": "Calques vectoriels",
            "SMARTOBJECT": "Objets dynamiques",
            "GROUP": "Associer les calques",
            "LIBRARY": "Toutes les bibliothèques",
            "GRAPHIC": "Graphiques",
            "LAYERSTYLE": "Styles de calque",
            "CHARACTERSTYLE": "Styles de caractères",
            "GLOBAL_SHORTCUT": "Raccourcis globaux"
        },
        "MODIFIERS": {
            "COMMAND": "Cmde",
            "SHIFT": "Maj",
            "ALT": "Alt",
            "CONTROL": "Ctrl"
        }
    },
    "KEYCODE": {
        "8": "Retour arrière",
        "9": "Tabulation",
        "13": "Entrée",
        "27": "Echap",
        "33": "Page précédente",
        "34": "Page suivante",
        "35": "Fin",
        "36": "Accueil",
        "37": "Touche Gauche",
        "38": "Touche Haut",
        "39": "Touche Droite",
        "40": "Flèche bas",
        "45": "Insertion",
        "46": "Supprimer",
        "91": "Windows",
        "92": "Windows",
        "93": "Menu Fenêtre",
        "112": "F1",
        "113": "F2",
        "114": "F3",
        "115": "F4",
        "116": "F5",
        "117": "F6",
        "118": "F7",
        "119": "F8",
        "120": "F9",
        "121": "F10",
        "122": "F11",
        "123": "F12"
    },
    "LIBRARIES": {
        "CREATE_LIBRARY": "Créer une bibliothèque",
        "RENAME_LIBRARY": "Renommer la bibliothèque",
        "DELETE_LIBRARY": "Supprimer la bibliothèque",
        "DELETE_LIBRARY_CONFIRM": "Voulez-vous vraiment supprimer \\\"%s\\\" ?",
        "DELETE_SHARED_LIBRARY_CONFIRM": "Si vous supprimez cette bibliothèque, vos collaborateurs n'y auront plus accès. Voulez-vous vraiment supprimer \\\"%s\\\" ?",
        "LEAVE_LIBRARY": "Quitter la bibliothèque",
        "LEAVE_LIBRARY_CONFIRM": "Voulez-vous vraiment fermer \\\"%s\\\" ?",
        "DELETE_ASSET": "Supprimer la ressource",
        "DELETE_ASSET_CONFIRM": "Voulez-vous vraiment supprimer \\\"%s\\\" ?",
        "GRAPHICS": "Graphiques",
        "COLORS": "Couleurs",
        "COLOR_THEMES": "Thèmes de couleur",
        "CHAR_STYLES": "Styles de caractères",
        "LAYER_STYLES": "Styles de calque",
        "BRUSHES": "Formes",
        "BRUSHES_UNSUPPORTED": "Les formes ne sont pas prises en charge dans l'espace de conception.",
        "BTN_CANCEL": "Annuler",
        "BTN_CREATE": "Créer",
        "BTN_RENAME": "Renommer",
        "BTN_DELETE": "Supprimer",
        "BTN_LEAVE": "Fermer",
        "CLICK_TO_APPLY": "Cliquez pour appliquer.",
        "LIBRARY_NAME": "Nom de la bibliothèque",
        "INTRO_TITLE": "Votre contenu. Partout.",
        "INTRO_BODY": "Utilisez les bibliothèques pour organiser et partager vos fichiers et y accéder sur différents postes de travail et terminaux mobiles.",
        "INTRO_LINK_TITLE": "Découvrez comment utiliser les bibliothèques",
        "INTRO_URL": "https://helpx.adobe.com/creative-cloud/help/libraries.html",
        "NO_CONNECTION": "Pour utiliser les bibliothèques Creative Cloud, connectez-vous à Creative Cloud.",
        "LEADING": "Interlignage : %s",
        "LEADING_AUTO": "Auto",
        "TRACKING": "Approche : %s"
    },
    "ERR": {
        "UNRECOVERABLE": "Une erreur irrécupérable s'est produite dans l'espace de conception."
    }
}
